date,time,open,high,low,close
2024-10-17,09:15,81758.07,81781.4,81686.68,81733.95
2024-10-17,09:16,81723.31,81723.31,81630.94,81647.89
2024-10-17,09:17,81644.74,81646.96,81599.14,81635.66
2024-10-17,09:18,81643.1,81656.55,81605.11,81619.57
2024-10-17,09:19,81621.87,81633.03,81600.26,81611.38
2024-10-17,09:20,81611.37,81611.37,81554.36,81562.44
2024-10-17,15:25,81024.33,81051.66,81021.16,81023.84
2024-10-17,15:26,81024.08,81032.28,81006.47,81009.74
2024-10-17,15:27,81009.21,81019.36,80998.62,81013.1
2024-10-17,15:28,81017.65,81020.39,80995.77,80999.85
2024-10-17,15:29,80999.15,81022.91,80975.78,81007.78
2024-10-18,09:15,80749.26,80790.39,80655.77,80763.31
2024-10-18,09:16,80760.0,80760.0,80611.87,80636.76
2024-10-18,09:17,80647.43,80670.97,80593.37,80603.66
2024-10-18,09:18,80609.91,80609.91,80518.16,80555.73
2024-10-18,09:19,80551.36,80577.72,80520.39,80539.97
2024-10-18,09:20,80534.1,80536.74,80473.26,80519.06
2024-10-18,15:25,81333.85,81348.23,81321.44,81336.49
2024-10-18,15:26,81336.92,81346.24,81311.66,81319.98
2024-10-18,15:27,81323.83,81323.83,81302.37,81321.89
2024-10-18,15:28,81319.44,81329.63,81295.09,81310.53
2024-10-18,15:29,81311.94,81328.62,81254.52,81315.35
2024-10-21,09:15,81770.02,81770.02,81618.79,81652.32
2024-10-21,09:16,81652.34,81743.04,81639.88,81736.88
2024-10-21,09:17,81718.6,81720.18,81676.94,81692.39
2024-10-21,09:18,81687.15,81695.32,81623.89,81624.99
2024-10-21,09:19,81631.45,81642.71,81610.87,81629.1
2024-10-21,09:20,81628.2,81628.2,81547.66,81626.52
2024-10-21,15:25,81095.06,81110.37,81092.49,81104.14
2024-10-21,15:26,81099.18,81110.51,81091.62,81108.93
2024-10-21,15:27,81107.1,81107.1,81062.98,81069.32
2024-10-21,15:28,81068.68,81068.68,81025.07,81030.66
2024-10-21,15:29,81029.42,81032.11,81006.25,81006.25
2024-10-22,09:15,81155.08,81221.19,81067.89,81188.41
2024-10-22,09:16,81189.78,81239.86,81172.15,81236.29
2024-10-22,09:17,81238.35,81317.21,81238.35,81312.11
2024-10-22,09:18,81308.91,81318.61,81262.34,81298.06
2024-10-22,09:19,81303.41,81334.95,81300.86,81331.73
2024-10-22,09:20,81340.09,81389.75,81340.09,81376.55
2024-10-22,15:25,80264.12,80264.61,80239.35,80264.61
2024-10-22,15:26,80266.3,80275.88,80250.96,80270.36
2024-10-22,15:27,80272.4,80283.7,80257.41,80272.03
2024-10-22,15:28,80271.47,80271.47,80235.78,80250.99
2024-10-22,15:29,80242.82,80278.58,80210.24,80278.58
2024-10-23,09:15,79921.13,80209.15,79891.68,80197.47
2024-10-23,09:16,80186.89,80198.54,80121.6,80197.99
2024-10-23,09:17,80175.94,80302.32,80134.35,80296.59
2024-10-23,09:18,80275.02,80345.84,80264.69,80331.58
2024-10-23,09:19,80326.89,80385.67,80321.22,80367.96
2024-10-23,09:20,80367.13,80389.51,80286.69,80301.03
2024-10-23,15:25,80071.51,80090.65,80068.76,80085.02
2024-10-23,15:26,80085.09,80085.96,80068.57,80077.19
2024-10-23,15:27,80076.32,80102.17,80075.97,80102.17
2024-10-23,15:28,80098.3,80103.45,80073.52,80088.68
2024-10-23,15:29,80095.51,80115.41,80071.85,80113.38
2024-10-24,09:15,80098.3,80259.82,80041.69,80215.53
2024-10-24,09:16,80213.49,80232.15,80189.68,80203.34
2024-10-24,09:17,80200.17,80214.54,80160.91,80176.01
2024-10-24,09:18,80179.57,80216.25,80168.2,80179.31
2024-10-24,09:19,80173.82,80173.82,80134.04,80153.29
2024-10-24,09:20,80156.12,80156.12,80095.29,80108.17
2024-10-24,15:25,80078.74,80102.01,80078.74,80081.98
2024-10-24,15:26,80082.75,80096.38,80063.8,80066.99
2024-10-24,15:27,80069.98,80091.16,80065.86,80081.15
2024-10-24,15:28,80079.23,80079.23,80060.55,80068.11
2024-10-24,15:29,80068.5,80115.54,80063.04,80095.66
2024-10-25,09:15,80187.34,80188.16,80014.12,80030.08
2024-10-25,09:16,80026.45,80051.99,79991.83,80044.46
2024-10-25,09:17,80044.17,80136.42,80017.49,80127.33
2024-10-25,09:18,80102.83,80188.14,80099.58,80163.36
2024-10-25,09:19,80164.78,80183.56,80141.68,80159.72
2024-10-25,09:20,80147.17,80147.72,80119.71,80135.23
2024-10-25,15:25,79600.66,79613.68,79593.46,79611.35
2024-10-25,15:26,79609.14,79617.23,79590.06,79592.46
2024-10-25,15:27,79590.53,79602.27,79570.21,79582.6
2024-10-25,15:28,79569.46,79576.24,79548.83,79554.18
2024-10-25,15:29,79554.01,79580.61,79530.37,79580.5
2024-10-28,09:15,79653.67,79864.74,79631.19,79673.22
2024-10-28,09:16,79694.73,79748.53,79640.51,79748.53
2024-10-28,09:17,79739.2,79778.08,79720.45,79723.82
2024-10-28,09:18,79716.85,79739.32,79682.29,79687.2
2024-10-28,09:19,79712.61,79745.49,79711.5,79738.1
2024-10-28,09:20,79741.46,79766.42,79679.27,79737.5
2024-10-28,15:25,80060.32,80071.79,80050.68,80054.87
2024-10-28,15:26,80054.92,80067.52,80042.0,80047.7
2024-10-28,15:27,80047.06,80060.42,80031.48,80045.96
2024-10-28,15:28,80047.98,80069.21,80043.0,80062.57
2024-10-28,15:29,80062.41,80106.12,80060.29,80077.42
2024-10-29,09:15,80037.2,80104.59,79847.54,79860.64
2024-10-29,09:16,79855.29,79862.53,79766.61,79772.75
2024-10-29,09:17,79770.02,79777.13,79723.31,79746.01
2024-10-29,09:18,79742.41,79742.41,79682.8,79728.65
2024-10-29,09:19,79729.49,79818.54,79729.49,79806.88
2024-10-29,09:20,79803.23,79803.23,79728.03,79743.25
2024-10-29,15:25,80381.24,80398.7,80376.1,80389.18
2024-10-29,15:26,80390.52,80397.64,80365.34,80386.45
2024-10-29,15:27,80382.66,80403.43,80377.63,80386.78
2024-10-29,15:28,80386.45,80386.45,80339.87,80347.73
2024-10-29,15:29,80356.58,80383.59,80342.34,80380.46
2024-10-30,09:15,80237.85,80284.81,80092.37,80119.42
2024-10-30,09:16,80122.68,80122.68,80005.05,80038.9
2024-10-30,09:17,80023.34,80100.72,80023.34,80100.72
2024-10-30,09:18,80083.44,80083.44,80052.96,80083.26
2024-10-30,09:19,80083.11,80097.65,80057.26,80070.77
2024-10-30,09:20,80071.89,80071.89,80019.69,80055.36
2024-10-30,15:25,79987.09,79999.65,79969.68,79980.16
2024-10-30,15:26,79980.25,79990.06,79967.46,79969.43
2024-10-30,15:27,79965.36,79985.52,79955.34,79961.77
2024-10-30,15:28,79964.07,79993.1,79939.05,79956.88
2024-10-30,15:29,79955.53,79973.26,79934.89,79966.05
2024-10-31,09:15,80044.95,80044.95,79769.13,79778.11
2024-10-31,09:16,79763.07,79833.38,79752.75,79833.38
2024-10-31,09:17,79826.3,79879.66,79826.3,79866.66
2024-10-31,09:18,79859.88,79872.25,79790.97,79791.15
2024-10-31,09:19,79786.48,79827.08,79777.96,79820.33
2024-10-31,09:20,79818.17,79872.25,79802.01,79864.99
2024-10-31,15:25,79429.88,79440.87,79421.17,79426.83
2024-10-31,15:26,79428.6,79443.63,79416.54,79434.93
2024-10-31,15:27,79438.68,79480.16,79431.92,79480.16
2024-10-31,15:28,79479.99,79509.15,79471.15,79500.13
2024-10-31,15:29,79498.43,79542.95,79477.13,79530.49
2024-11-01,18:00,79727.66,79762.23,79691.4,79749.8
2024-11-01,18:01,79743.15,79822.5,79737.18,79821.34
2024-11-01,18:02,79822.55,79853.9,79808.25,79852.21
2024-11-01,18:03,79855.02,79887.35,79845.96,79872.37
2024-11-01,18:04,79880.41,79880.41,79830.67,79837.95
2024-11-01,18:05,79841.05,79853.19,79798.07,79821.62
2024-11-01,18:06,79821.75,79831.6,79780.33,79785.75
2024-11-01,18:07,79805.53,79818.69,79784.62,79816.91
2024-11-01,18:08,79818.2,79863.5,79814.19,79862.36
2024-11-01,18:09,79865.77,79901.85,79848.29,79882.52
2024-11-01,18:10,79888.01,79897.51,79875.58,79893.89
2024-11-01,18:11,79893.94,79905.67,79874.87,79874.87
2024-11-01,18:12,79881.06,79901.57,79879.0,79899.76
2024-11-01,18:13,79892.46,79925.13,79885.78,79912.44
2024-11-01,18:14,79914.28,79914.28,79878.62,79878.95
2024-11-01,18:15,79879.88,79886.44,79838.18,79850.82
2024-11-01,18:16,79850.76,79873.87,79850.54,79873.87
2024-11-01,18:17,79875.05,79880.14,79845.26,79849.66
2024-11-01,18:18,79849.2,79852.4,79822.64,79826.45
2024-11-01,18:19,79823.55,79824.63,79788.18,79810.57
2024-11-01,18:20,79805.83,79831.24,79801.43,79831.24
2024-11-01,18:21,79833.31,79840.23,79820.57,79826.72
2024-11-01,18:22,79833.12,79836.05,79793.0,79805.89
2024-11-01,18:23,79801.85,79812.16,79780.04,79794.79
2024-11-01,18:24,79795.07,79820.23,79795.07,79818.89
2024-11-01,18:25,79814.67,79818.88,79797.62,79799.34
2024-11-01,18:26,79794.44,79836.0,79792.95,79834.88
2024-11-01,18:27,79833.68,79839.92,79817.77,79822.64
2024-11-01,18:28,79820.21,79822.46,79808.34,79810.41
2024-11-01,18:29,79814.71,79814.71,79782.98,79789.9
2024-11-01,18:30,79793.91,79810.64,79789.28,79807.94
2024-11-01,18:31,79806.56,79809.65,79793.82,79807.55
2024-11-01,18:32,79807.96,79815.83,79795.01,79809.02
2024-11-01,18:33,79806.56,79817.21,79799.14,79817.21
2024-11-01,18:34,79812.92,79823.13,79805.27,79814.15
2024-11-01,18:35,79817.31,79817.31,79801.34,79808.64
2024-11-01,18:36,79811.75,79815.5,79795.95,79804.73
2024-11-01,18:37,79803.7,79815.39,79785.32,79788.39
2024-11-01,18:38,79779.88,79795.08,79779.88,79788.42
2024-11-01,18:39,79786.27,79791.94,79772.67,79774.79
2024-11-01,18:40,79779.02,79784.22,79763.98,79763.98
2024-11-01,18:41,79769.15,79776.84,79760.09,79766.89
2024-11-01,18:42,79769.65,79771.44,79754.59,79756.71
2024-11-01,18:43,79752.57,79759.68,79732.46,79733.61
2024-11-01,18:44,79738.13,79747.84,79727.76,79738.22
2024-11-01,18:45,79735.36,79739.7,79701.23,79718.31
2024-11-01,18:46,79716.23,79716.23,79702.0,79702.0
2024-11-01,18:47,79706.33,79716.21,79689.86,79711.57
2024-11-01,18:48,79708.64,79722.53,79695.98,79714.44
2024-11-01,18:49,79718.86,79723.62,79705.99,79716.38
2024-11-01,18:50,79718.12,79719.12,79666.8,79673.77
2024-11-01,18:51,79673.92,79684.58,79664.39,79678.54
2024-11-01,18:52,79678.53,79700.46,79677.71,79699.13
2024-11-01,18:53,79699.86,79726.57,79668.84,79726.57
2024-11-01,18:54,79725.34,79725.34,79677.64,79699.53
2024-11-01,18:55,79688.1,79715.04,79686.3,79705.13
2024-11-01,18:56,79703.38,79715.75,79690.5,79706.22
2024-11-01,18:57,79704.25,79708.7,79689.37,79704.02
2024-11-01,18:58,79701.22,79707.68,79678.84,79682.95
2024-11-01,18:59,79685.62,79706.58,79679.2,79692.62
2024-11-04,09:15,79713.14,79713.14,79363.97,79373.92
2024-11-04,09:16,79374.48,79393.84,79188.45,79203.86
2024-11-04,09:17,79201.99,79253.45,79120.63,79197.33
2024-11-04,09:18,79186.65,79227.23,79128.35,79160.71
2024-11-04,09:19,79164.74,79197.73,79130.15,79130.15
2024-11-04,09:20,79126.33,79166.09,79063.07,79128.53
2024-11-04,15:25,78798.23,78829.25,78798.23,78829.25
2024-11-04,15:26,78828.29,78829.31,78793.08,78795.34
2024-11-04,15:27,78787.85,78797.53,78766.9,78773.76
2024-11-04,15:28,78774.13,78782.94,78747.41,78769.79
2024-11-04,15:29,78767.89,78783.85,78721.66,78760.28
2024-11-05,09:15,78542.16,78674.71,78455.66,78518.0
2024-11-05,09:16,78529.25,78695.43,78529.25,78685.27
2024-11-05,09:17,78697.32,78775.18,78672.82,78758.9
2024-11-05,09:18,78766.3,78766.3,78681.5,78697.31
2024-11-05,09:19,78700.94,78832.46,78696.83,78830.12
2024-11-05,09:20,78800.8,78814.33,78733.23,78733.23
2024-11-05,15:25,79471.71,79475.89,79440.13,79440.47
2024-11-05,15:26,79440.31,79467.0,79437.8,79453.22
2024-11-05,15:27,79450.56,79470.38,79440.87,79450.83
2024-11-05,15:28,79449.54,79467.96,79430.83,79447.05
2024-11-05,15:29,79444.79,79448.86,79400.9,79443.31
2024-11-06,09:15,79771.82,79814.73,79623.4,79737.46
2024-11-06,09:16,79746.19,79746.19,79599.5,79643.62
2024-11-06,09:17,79657.8,79658.7,79559.89,79583.91
2024-11-06,09:18,79581.31,79650.06,79565.82,79639.34
2024-11-06,09:19,79644.62,79679.85,79623.97,79660.3
2024-11-06,09:20,79664.96,79664.96,79551.08,79565.25
2024-11-06,15:25,80412.57,80427.15,80402.27,80417.42
2024-11-06,15:26,80422.12,80429.03,80409.32,80418.03
2024-11-06,15:27,80419.8,80439.4,80414.89,80419.56
2024-11-06,15:28,80416.12,80437.99,80416.12,80434.71
2024-11-06,15:29,80440.05,80442.33,80351.93,80409.53
2024-11-07,09:15,80563.42,80563.42,80185.25,80270.52
2024-11-07,09:16,80280.77,80280.77,80222.04,80273.56
2024-11-07,09:17,80260.45,80271.98,80227.53,80264.57
2024-11-07,09:18,80265.94,80335.9,80265.94,80335.9
2024-11-07,09:19,80336.36,80352.58,80301.34,80345.23
2024-11-07,09:20,80343.47,80354.64,80294.68,80296.81
2024-11-07,15:25,79556.02,79565.76,79547.7,79564.78
2024-11-07,15:26,79564.79,79567.84,79550.88,79551.52
2024-11-07,15:27,79557.85,79565.55,79552.16,79562.03
2024-11-07,15:28,79560.56,79561.14,79523.42,79530.21
2024-11-07,15:29,79526.68,79548.67,79506.44,79528.27
2024-11-08,09:15,79611.9,79611.9,79317.29,79321.6
2024-11-08,09:16,79326.78,79365.69,79285.42,79304.73
2024-11-08,09:17,79302.38,79302.38,79200.7,79248.44
2024-11-08,09:18,79252.06,79282.78,79224.2,79231.42
2024-11-08,09:19,79229.46,79234.39,79160.11,79190.18
2024-11-08,09:20,79192.67,79192.67,79123.1,79143.46
2024-11-08,15:25,79428.72,79429.58,79393.87,79397.8
2024-11-08,15:26,79401.85,79403.49,79341.93,79359.38
2024-11-08,15:27,79369.03,79391.88,79358.99,79371.9
2024-11-08,15:28,79373.26,79373.26,79339.89,79348.7
2024-11-08,15:29,79349.68,79363.12,79318.05,79331.71
2024-11-11,09:15,79298.46,79298.46,79011.55,79046.67
2024-11-11,09:16,79033.93,79136.62,79011.29,79068.4
2024-11-11,09:17,79063.29,79128.87,79063.29,79103.79
2024-11-11,09:18,79094.73,79172.78,79086.89,79154.4
2024-11-11,09:19,79160.86,79198.61,79133.47,79195.04
2024-11-11,09:20,79190.38,79216.96,79161.35,79186.54
2024-11-11,15:25,79469.04,79487.42,79469.04,79474.65
2024-11-11,15:26,79479.55,79485.14,79447.42,79459.04
2024-11-11,15:27,79460.07,79475.36,79448.8,79471.72
2024-11-11,15:28,79469.7,79482.01,79434.73,79464.08
2024-11-11,15:29,79467.03,79480.99,79424.89,79434.15
2024-11-12,09:15,79644.95,79820.98,79638.16,79787.24
2024-11-12,09:16,79781.98,79787.33,79680.32,79698.78
2024-11-12,09:17,79698.65,79792.37,79698.65,79766.75
2024-11-12,09:18,79770.73,79785.74,79707.2,79724.89
2024-11-12,09:19,79723.92,79727.14,79685.12,79690.69
2024-11-12,09:20,79689.99,79706.11,79611.12,79614.26
2024-11-12,15:25,78658.44,78674.68,78656.07,78658.75
2024-11-12,15:26,78667.12,78667.35,78638.73,78640.81
2024-11-12,15:27,78641.23,78653.66,78634.02,78645.05
2024-11-12,15:28,78640.24,78641.33,78592.11,78615.83
2024-11-12,15:29,78611.98,78618.02,78562.81,78562.81
2024-11-13,09:15,78495.53,78582.19,78435.49,78582.19
2024-11-13,09:16,78583.58,78617.82,78545.85,78571.46
2024-11-13,09:17,78567.42,78631.92,78552.95,78578.96
2024-11-13,09:18,78571.66,78650.39,78563.59,78649.36
2024-11-13,09:19,78646.21,78665.62,78599.9,78599.9
2024-11-13,09:20,78595.74,78595.74,78521.39,78530.99
2024-11-13,15:25,77838.3,77884.85,77838.3,77882.16
2024-11-13,15:26,77877.24,77895.2,77869.67,77872.96
2024-11-13,15:27,77877.3,77892.56,77872.85,77882.83
2024-11-13,15:28,77882.29,77886.2,77828.28,77829.45
2024-11-13,15:29,77827.83,77849.93,77790.86,77801.36
2024-11-14,09:15,77636.94,77945.45,77616.56,77813.51
2024-11-14,09:16,77798.17,77798.17,77744.69,77756.56
2024-11-14,09:17,77736.09,77783.93,77674.23,77775.87
2024-11-14,09:18,77776.17,77789.61,77729.79,77749.43
2024-11-14,09:19,77763.81,77851.99,77748.34,77826.75
2024-11-14,09:20,77828.11,77828.22,77739.59,77739.59
2024-11-14,15:25,77621.11,77626.44,77607.56,77620.66
2024-11-14,15:26,77619.88,77636.72,77619.88,77630.91
2024-11-14,15:27,77628.55,77644.31,77611.2,77644.31
2024-11-14,15:28,77639.17,77667.5,77612.71,77662.06
2024-11-14,15:29,77664.16,77688.15,77637.84,77686.69
2024-11-18,09:15,77863.54,77886.97,77497.79,77737.98
2024-11-18,09:16,77730.3,77733.72,77621.83,77630.49
2024-11-18,09:17,77643.39,77643.39,77522.92,77533.32
2024-11-18,09:18,77522.76,77629.1,77521.05,77596.97
2024-11-18,09:19,77589.93,77593.45,77544.55,77563.13
2024-11-18,09:20,77569.82,77575.77,77423.59,77472.17
2024-11-18,15:25,77320.24,77347.81,77317.7,77343.06
2024-11-18,15:26,77336.91,77355.07,77325.25,77349.53
2024-11-18,15:27,77352.46,77374.37,77349.06,77351.88
2024-11-18,15:28,77359.1,77384.64,77358.78,77373.71
2024-11-18,15:29,77364.72,77382.77,77339.94,77374.31
2024-11-19,09:15,77548.0,77723.3,77525.05,77664.7
2024-11-19,09:16,77666.85,77709.42,77637.32,77704.31
2024-11-19,09:17,77705.77,77802.13,77705.77,77779.85
2024-11-19,09:18,77787.8,77817.05,77781.79,77788.09
2024-11-19,09:19,77784.94,77784.94,77752.25,77768.63
2024-11-19,09:20,77752.15,77774.66,77735.25,77774.08
2024-11-19,15:25,77548.42,77548.42,77501.74,77501.74
2024-11-19,15:26,77510.74,77512.78,77491.81,77497.36
2024-11-19,15:27,77498.06,77511.18,77471.71,77474.43
2024-11-19,15:28,77472.76,77478.88,77428.54,77452.45
2024-11-19,15:29,77445.04,77449.77,77411.31,77420.82
2024-11-21,09:15,77711.11,77711.11,77139.9,77483.48
2024-11-21,09:16,77480.29,77480.29,77308.64,77340.12
2024-11-21,09:17,77328.13,77337.9,77115.57,77206.52
2024-11-21,09:18,77195.39,77242.62,77141.63,77242.62
2024-11-21,09:19,77253.39,77303.56,77110.21,77151.04
2024-11-21,09:20,77149.08,77252.83,77129.12,77191.23
2024-11-21,15:25,77172.37,77191.74,77172.37,77191.74
2024-11-21,15:26,77192.72,77205.18,77175.01,77189.46
2024-11-21,15:27,77190.43,77194.97,77174.57,77191.4
2024-11-21,15:28,77197.85,77197.85,77171.84,77188.48
2024-11-21,15:29,77185.31,77200.39,77133.78,77133.78
2024-11-22,09:15,77349.74,77446.6,77226.69,77352.41
2024-11-22,09:16,77340.48,77398.84,77310.9,77335.33
2024-11-22,09:17,77333.84,77347.83,77284.75,77341.99
2024-11-22,09:18,77344.01,77350.14,77310.97,77333.72
2024-11-22,09:19,77340.47,77405.51,77326.9,77394.88
2024-11-22,09:20,77392.94,77398.76,77349.49,77385.63
2024-11-22,15:25,79061.64,79065.25,78997.46,78997.46
2024-11-22,15:26,78992.64,79002.9,78967.04,78998.64
2024-11-22,15:27,78993.41,79005.49,78964.69,78968.71
2024-11-22,15:28,78970.17,78986.23,78936.07,78976.94
2024-11-22,15:29,78990.08,78998.51,78939.44,78957.43
2024-11-25,09:15,80193.47,80380.53,80056.35,80332.13
2024-11-25,09:16,80326.2,80407.0,80265.78,80296.56
2024-11-25,09:17,80290.23,80316.76,80266.34,80278.78
2024-11-25,09:18,80285.45,80345.2,80285.45,80345.2
2024-11-25,09:19,80341.07,80362.29,80330.19,80347.54
2024-11-25,09:20,80342.83,80362.34,80249.84,80249.84
2024-11-25,15:25,80187.26,80215.98,80159.55,80161.76
2024-11-25,15:26,80167.87,80191.33,80150.81,80186.32
2024-11-25,15:27,80172.55,80214.38,80154.1,80214.38
2024-11-25,15:28,80205.75,80205.75,80137.52,80168.66
2024-11-25,15:29,80149.49,80210.9,80149.49,80171.54
2024-11-26,09:15,80415.47,80458.66,80339.47,80341.71
2024-11-26,09:16,80338.83,80371.2,80316.74,80369.75
2024-11-26,09:17,80367.53,80399.27,80333.62,80375.96
2024-11-26,09:18,80369.96,80402.76,80364.57,80364.57
2024-11-26,09:19,80363.24,80392.42,80360.43,80386.82
2024-11-26,09:20,80383.82,80417.83,80367.09,80397.1
2024-11-26,15:25,80020.61,80027.49,80004.89,80015.27
2024-11-26,15:26,80018.92,80027.1,80013.03,80018.48
2024-11-26,15:27,80023.67,80033.49,80004.76,80027.27
2024-11-26,15:28,80027.26,80030.74,79994.51,80022.98
2024-11-26,15:29,80017.88,80031.13,80001.65,80005.93
2024-11-27,09:15,80121.03,80170.16,79879.66,79906.72
2024-11-27,09:16,79909.02,79973.8,79909.02,79973.8
2024-11-27,09:17,79975.05,80012.34,79972.34,80009.1
2024-11-27,09:18,80015.8,80039.29,80001.27,80019.89
2024-11-27,09:19,80017.31,80032.96,79997.38,80032.96
2024-11-27,09:20,80034.7,80092.4,80012.39,80092.4
2024-11-27,15:25,80237.59,80250.99,80232.79,80246.67
2024-11-27,15:26,80252.83,80264.09,80244.58,80251.04
2024-11-27,15:27,80258.29,80268.17,80252.46,80265.23
2024-11-27,15:28,80264.85,80264.85,80240.55,80244.53
2024-11-27,15:29,80240.37,80254.75,80231.35,80244.75
2024-11-28,09:15,80281.64,80329.08,80226.49,80296.86
2024-11-28,09:16,80307.19,80307.19,80234.88,80234.88
2024-11-28,09:17,80231.05,80273.89,80230.64,80233.34
2024-11-28,09:18,80235.02,80281.74,80223.3,80281.56
2024-11-28,09:19,80277.46,80277.46,80221.24,80228.65
2024-11-28,09:20,80230.57,80256.21,80208.92,80251.71
2024-11-28,15:25,79141.38,79163.38,79134.43,79157.31
2024-11-28,15:26,79156.21,79168.31,79143.56,79153.51
2024-11-28,15:27,79153.19,79167.76,79141.94,79167.76
2024-11-28,15:28,79168.36,79168.36,79123.54,79141.98
2024-11-28,15:29,79155.1,79181.88,79126.26,79165.22
2024-11-29,09:15,79032.99,79259.92,79026.18,79150.59
2024-11-29,09:16,79147.54,79225.3,79138.58,79209.71
2024-11-29,09:17,79210.03,79229.59,79170.74,79229.59
2024-11-29,09:18,79229.83,79247.46,79216.66,79231.91
2024-11-29,09:19,79228.49,79253.06,79192.33,79207.5
2024-11-29,09:20,79202.86,79250.66,79177.1,79230.51
2024-11-29,15:25,79732.35,79752.26,79728.11,79735.89
2024-11-29,15:26,79737.75,79750.55,79721.76,79738.97
2024-11-29,15:27,79742.58,79742.58,79715.93,79740.11
2024-11-29,15:28,79738.6,79740.76,79698.42,79698.42
2024-11-29,15:29,79709.66,79750.16,79700.21,79747.12
2024-12-02,09:15,79743.87,79848.16,79446.2,79456.02
2024-12-02,09:16,79458.14,79489.45,79414.37,79476.49
2024-12-02,09:17,79477.86,79481.94,79397.47,79403.95
2024-12-02,09:18,79401.38,79443.85,79391.91,79437.84
2024-12-02,09:19,79429.95,79431.56,79405.8,79424.66
2024-12-02,09:20,79430.09,79449.02,79396.73,79396.73
2024-12-02,15:25,80237.95,80254.74,80235.06,80252.92
2024-12-02,15:26,80253.77,80258.28,80224.49,80233.14
2024-12-02,15:27,80235.23,80242.68,80230.32,80233.57
2024-12-02,15:28,80232.19,80247.85,80213.68,80228.7
2024-12-02,15:29,80245.48,80261.54,80221.61,80253.78
2024-12-03,09:15,80529.2,80549.06,80338.2,80381.36
2024-12-03,09:16,80386.78,80417.0,80357.72,80364.96
2024-12-03,09:17,80358.81,80360.34,80336.38,80344.54
2024-12-03,09:18,80348.68,80349.62,80318.17,80324.3
2024-12-03,09:19,80323.26,80343.67,80298.85,80343.67
2024-12-03,09:20,80345.32,80348.13,80303.81,80318.32
2024-12-03,15:25,80812.47,80834.8,80812.47,80815.62
2024-12-03,15:26,80815.71,80837.44,80815.2,80822.9
2024-12-03,15:27,80824.49,80834.54,80806.29,80829.94
2024-12-03,15:28,80828.57,80841.53,80800.43,80803.19
2024-12-03,15:29,80801.15,80839.51,80791.93,80839.51
2024-12-04,09:15,81036.22,81036.22,80808.01,80868.78
2024-12-04,09:16,80868.42,80923.0,80868.42,80904.22
2024-12-04,09:17,80905.62,80912.33,80859.49,80899.22
2024-12-04,09:18,80892.35,80930.4,80885.92,80918.94
2024-12-04,09:19,80918.33,80923.79,80887.6,80917.76
2024-12-04,09:20,80915.01,80915.01,80856.29,80861.18
2024-12-04,15:25,80988.51,81000.35,80969.02,80969.02
2024-12-04,15:26,80969.55,80978.51,80958.92,80958.92
2024-12-04,15:27,80961.1,80968.52,80943.3,80961.03
2024-12-04,15:28,80961.22,80976.29,80941.27,80966.32
2024-12-04,15:29,80956.68,80956.69,80913.86,80937.79
2024-12-05,09:15,81182.74,81198.87,80988.61,81083.61
2024-12-05,09:16,81092.21,81137.03,81092.21,81116.5
2024-12-05,09:17,81119.45,81119.85,81084.82,81086.17
2024-12-05,09:18,81090.01,81095.91,81079.15,81090.41
2024-12-05,09:19,81093.93,81116.52,81084.6,81087.1
2024-12-05,09:20,81085.54,81131.2,81072.7,81109.69
2024-12-05,15:25,81907.7,81927.74,81896.35,81896.35
2024-12-05,15:26,81905.45,81905.45,81870.68,81877.86
2024-12-05,15:27,81876.23,81887.69,81853.96,81856.2
2024-12-05,15:28,81851.14,81856.12,81792.33,81793.01
2024-12-05,15:29,81787.0,81825.69,81757.76,81765.72
2024-12-06,09:15,81887.54,81905.03,81738.66,81741.79
2024-12-06,09:16,81751.49,81801.21,81737.6,81777.34
2024-12-06,09:17,81776.92,81784.03,81739.12,81740.98
2024-12-06,09:18,81736.69,81754.34,81719.41,81752.74
2024-12-06,09:19,81752.92,81765.51,81699.79,81702.6
2024-12-06,09:20,81703.31,81740.62,81691.78,81740.53
2024-12-06,15:25,81636.5,81671.67,81631.24,81660.38
2024-12-06,15:26,81661.19,81688.09,81653.53,81676.8
2024-12-06,15:27,81676.86,81681.19,81653.31,81674.05
2024-12-06,15:28,81668.98,81670.35,81635.66,81654.79
2024-12-06,15:29,81660.94,81675.1,81634.38,81674.43
2024-12-09,09:15,81602.58,81633.59,81479.88,81608.38
2024-12-09,09:16,81610.19,81688.8,81579.87,81647.69
2024-12-09,09:17,81652.23,81660.28,81597.92,81654.48
2024-12-09,09:18,81658.92,81681.11,81631.19,81662.93
2024-12-09,09:19,81672.68,81703.96,81654.58,81696.69
2024-12-09,09:20,81688.96,81688.96,81629.09,81660.81
2024-12-09,15:25,81531.0,81545.51,81528.52,81539.17
2024-12-09,15:26,81539.08,81563.25,81539.08,81545.91
2024-12-09,15:27,81550.79,81568.63,81543.61,81555.69
2024-12-09,15:28,81555.96,81555.96,81530.44,81532.4
2024-12-09,15:29,81531.52,81558.7,81512.91,81531.87
2024-12-10,09:15,81575.96,81620.45,81489.01,81547.94
2024-12-10,09:16,81553.65,81563.09,81529.81,81548.4
2024-12-10,09:17,81540.83,81540.86,81476.04,81488.61
2024-12-10,09:18,81493.97,81525.7,81481.41,81520.5
2024-12-10,09:19,81530.72,81531.23,81506.56,81509.64
2024-12-10,09:20,81508.83,81511.79,81471.75,81495.63
2024-12-10,15:25,81523.07,81542.9,81523.07,81536.6
2024-12-10,15:26,81537.0,81564.35,81537.0,81563.11
2024-12-10,15:27,81562.67,81576.4,81558.17,81567.03
2024-12-10,15:28,81566.95,81569.72,81547.03,81556.57
2024-12-10,15:29,81550.93,81551.48,81513.51,81546.71
2024-12-11,09:15,81568.39,81586.76,81466.93,81537.56
2024-12-11,09:16,81540.89,81555.62,81517.38,81530.68
2024-12-11,09:17,81533.93,81539.25,81511.12,81521.32
2024-12-11,09:18,81514.98,81552.16,81514.98,81523.72
2024-12-11,09:19,81515.33,81526.18,81507.61,81509.84
2024-12-11,09:20,81504.42,81529.62,81502.18,81521.73
2024-12-11,15:25,81542.91,81563.56,81541.88,81553.03
2024-12-11,15:26,81551.18,81562.24,81535.31,81537.32
2024-12-11,15:27,81534.7,81547.31,81531.06,81531.86
2024-12-11,15:28,81527.46,81532.9,81509.38,81528.66
2024-12-11,15:29,81532.42,81535.37,81492.77,81496.7
2024-12-12,09:15,81476.76,81567.84,81444.92,81493.85
2024-12-12,09:16,81497.12,81559.56,81484.81,81554.6
2024-12-12,09:17,81559.46,81588.63,81549.62,81586.03
2024-12-12,09:18,81584.81,81609.87,81579.16,81599.52
2024-12-12,09:19,81598.25,81598.25,81571.18,81596.24
2024-12-12,09:20,81595.31,81595.31,81552.87,81558.0
2024-12-12,15:25,81285.14,81325.31,81277.15,81325.31
2024-12-12,15:26,81324.95,81332.22,81284.9,81317.93
2024-12-12,15:27,81310.68,81324.53,81286.1,81288.02
2024-12-12,15:28,81293.91,81298.72,81273.0,81283.08
2024-12-12,15:29,81280.58,81284.76,81217.4,81263.84
2024-12-13,09:15,81212.45,81224.08,81060.71,81167.44
2024-12-13,09:16,81172.15,81177.92,81078.28,81096.06
2024-12-13,09:17,81080.13,81094.36,81040.22,81047.93
2024-12-13,09:18,81047.25,81078.16,81038.92,81074.52
2024-12-13,09:19,81073.06,81087.53,81035.18,81040.67
2024-12-13,09:20,81033.49,81058.64,80982.15,80987.14
2024-12-13,15:25,82193.13,82195.74,82174.85,82177.89
2024-12-13,15:26,82179.54,82187.52,82173.74,82179.05
2024-12-13,15:27,82176.62,82177.33,82151.1,82163.75
2024-12-13,15:28,82161.99,82166.0,82136.37,82148.7
2024-12-13,15:29,82150.8,82171.15,82138.54,82171.15
2024-12-16,09:15,82000.31,82105.65,81952.65,81975.4
2024-12-16,09:16,81973.23,81978.2,81917.53,81969.92
2024-12-16,09:17,81961.79,82029.73,81961.79,81978.85
2024-12-16,09:18,81977.4,81993.26,81957.36,81989.21
2024-12-16,09:19,81994.43,82026.47,81964.12,82009.76
2024-12-16,09:20,82020.86,82038.94,82000.27,82007.79
2024-12-16,15:25,81739.07,81748.04,81725.18,81738.93
2024-12-16,15:26,81741.32,81745.3,81713.21,81737.97
2024-12-16,15:27,81729.98,81729.98,81707.61,81718.02
2024-12-16,15:28,81717.61,81725.27,81695.85,81708.28
2024-12-16,15:29,81706.16,81715.8,81672.63,81697.29
2024-12-17,09:15,81511.81,81537.55,81440.48,81451.08
2024-12-17,09:16,81446.87,81464.84,81397.59,81464.38
2024-12-17,09:17,81455.65,81509.23,81455.65,81486.81
2024-12-17,09:18,81483.59,81490.75,81451.06,81490.75
2024-12-17,09:19,81492.2,81542.79,81492.2,81536.34
2024-12-17,09:20,81529.12,81529.81,81485.38,81501.1
2024-12-17,15:25,80676.76,80703.21,80675.54,80675.54
2024-12-17,15:26,80673.79,80697.81,80673.79,80686.63
2024-12-17,15:27,80685.34,80699.15,80668.81,80674.89
2024-12-17,15:28,80674.02,80699.14,80667.13,80683.78
2024-12-17,15:29,80684.67,80685.28,80631.26,80656.35
2024-12-18,09:15,80666.26,80666.26,80545.14,80603.31
2024-12-18,09:16,80605.31,80632.39,80549.66,80555.3
2024-12-18,09:17,80546.55,80620.71,80535.14,80616.59
2024-12-18,09:18,80621.44,80631.04,80552.72,80556.0
2024-12-18,09:19,80568.88,80665.17,80568.88,80660.36
2024-12-18,09:20,80665.01,80753.93,80664.22,80747.47
2024-12-18,15:25,80233.13,80247.05,80231.9,80232.93
2024-12-18,15:26,80233.4,80243.14,80223.09,80232.8
2024-12-18,15:27,80236.08,80253.17,80234.07,80245.61
2024-12-18,15:28,80246.69,80246.7,80214.82,80214.82
2024-12-18,15:29,80216.01,80248.89,80214.62,80231.83
2024-12-19,09:15,79029.03,79515.63,79020.08,79393.64
2024-12-19,09:16,79380.5,79380.5,79270.71,79310.12
2024-12-19,09:17,79308.58,79308.58,79209.26,79236.35
2024-12-19,09:18,79230.62,79268.84,79198.27,79246.64
2024-12-19,09:19,79246.74,79293.15,79239.0,79293.15
2024-12-19,09:20,79297.83,79330.05,79266.85,79266.85
2024-12-19,15:25,79257.09,79261.31,79235.13,79240.01
2024-12-19,15:26,79237.63,79259.41,79235.34,79250.05
2024-12-19,15:27,79256.65,79261.57,79242.07,79258.41
2024-12-19,15:28,79252.65,79264.84,79238.44,79262.13
2024-12-19,15:29,79263.8,79277.14,79241.1,79243.14
2024-12-20,09:15,79335.48,79358.86,79109.3,79136.41
2024-12-20,09:16,79146.91,79155.68,79033.36,79057.31
2024-12-20,09:17,79059.53,79067.92,79005.62,79036.33
2024-12-20,09:18,79038.61,79072.09,79003.97,79064.08
2024-12-20,09:19,79059.07,79068.73,79027.1,79068.73
2024-12-20,09:20,79072.86,79129.9,79072.86,79107.28
2024-12-20,15:25,78083.13,78155.44,78076.97,78145.56
2024-12-20,15:26,78142.86,78158.99,78118.7,78138.95
2024-12-20,15:27,78138.0,78170.08,78086.92,78170.08
2024-12-20,15:28,78173.76,78204.73,78138.95,78149.99
2024-12-20,15:29,78144.91,78211.49,78062.01,78211.49
2024-12-23,09:15,78488.64,78634.99,78488.64,78587.09
2024-12-23,09:16,78580.87,78669.93,78562.09,78647.25
2024-12-23,09:17,78639.22,78652.61,78570.95,78592.37
2024-12-23,09:18,78597.3,78637.77,78585.84,78585.84
2024-12-23,09:19,78588.85,78637.92,78581.56,78633.01
2024-12-23,09:20,78626.42,78712.95,78626.42,78662.74
2024-12-23,15:25,78587.63,78589.37,78555.33,78556.66
2024-12-23,15:26,78561.11,78580.81,78555.94,78571.75
2024-12-23,15:27,78568.88,78578.56,78557.87,78564.43
2024-12-23,15:28,78564.9,78568.73,78546.93,78552.35
2024-12-23,15:29,78552.93,78553.12,78502.92,78540.23
2024-12-24,09:15,78707.37,78732.2,78527.64,78563.4
2024-12-24,09:16,78559.49,78575.98,78542.89,78564.24
2024-12-24,09:17,78563.92,78563.92,78535.76,78548.31
2024-12-24,09:18,78550.35,78590.65,78545.56,78580.84
2024-12-24,09:19,78581.44,78590.67,78561.89,78583.9
2024-12-24,09:20,78584.78,78590.42,78556.12,78571.87
2024-12-24,15:25,78492.55,78516.92,78492.55,78502.2
2024-12-24,15:26,78502.82,78545.29,78502.82,78545.29
2024-12-24,15:27,78544.89,78544.89,78519.96,78532.42
2024-12-24,15:28,78528.2,78540.84,78498.71,78517.61
2024-12-24,15:29,78526.57,78527.93,78452.25,78453.02
2024-12-26,09:15,78557.28,78753.98,78556.29,78713.59
2024-12-26,09:16,78721.28,78764.75,78712.37,78760.66
2024-12-26,09:17,78752.32,78851.92,78752.32,78843.24
2024-12-26,09:18,78846.69,78848.94,78802.81,78808.95
2024-12-26,09:19,78808.43,78864.88,78808.06,78851.93
2024-12-26,09:20,78852.12,78895.42,78852.12,78867.35
2024-12-26,15:25,78477.72,78503.32,78471.59,78494.6
2024-12-26,15:26,78486.07,78506.36,78485.8,78501.74
2024-12-26,15:27,78502.44,78502.44,78480.86,78483.32
2024-12-26,15:28,78484.56,78530.68,78477.79,78518.16
2024-12-26,15:29,78511.33,78545.86,78486.57,78522.79
2024-12-27,09:15,78607.62,78783.96,78598.55,78735.75
2024-12-27,09:16,78733.55,78767.49,78720.1,78729.67
2024-12-27,09:17,78732.93,78737.78,78708.59,78726.37
2024-12-27,09:18,78725.11,78760.77,78711.9,78748.95
2024-12-27,09:19,78747.34,78756.69,78722.35,78739.85
2024-12-27,09:20,78734.65,78755.06,78726.5,78753.8
2024-12-27,15:25,78753.61,78773.28,78744.92,78761.75
2024-12-27,15:26,78761.61,78787.44,78750.68,78774.18
2024-12-27,15:27,78769.62,78794.77,78760.63,78776.88
2024-12-27,15:28,78775.58,78776.31,78741.12,78764.31
2024-12-27,15:29,78764.39,78769.13,78704.94,78730.32
2024-12-30,09:15,78637.58,78692.04,78557.42,78622.24
2024-12-30,09:16,78631.15,78646.23,78556.81,78574.67
2024-12-30,09:17,78570.63,78621.4,78564.13,78616.31
2024-12-30,09:18,78618.52,78624.94,78608.85,78613.26
2024-12-30,09:19,78613.35,78703.27,78613.35,78677.49
2024-12-30,09:20,78684.61,78691.56,78634.0,78655.39
2024-12-30,15:25,78354.17,78375.86,78347.87,78371.55
2024-12-30,15:26,78369.03,78371.61,78298.82,78298.82
2024-12-30,15:27,78302.0,78344.49,78293.11,78299.84
2024-12-30,15:28,78320.84,78342.3,78281.11,78281.29
2024-12-30,15:29,78288.62,78307.81,78199.93,78216.96
2024-12-31,09:15,77982.57,77997.49,77826.94,77871.2
2024-12-31,09:16,77867.89,77888.52,77839.96,77882.3
2024-12-31,09:17,77877.43,77888.33,77863.17,77870.72
2024-12-31,09:18,77869.92,77910.52,77857.71,77899.08
2024-12-31,09:19,77907.84,77912.0,77876.2,77876.2
2024-12-31,09:20,77873.6,77903.79,77835.84,77896.39
2024-12-31,15:25,78150.03,78179.34,78146.03,78174.08
2024-12-31,15:26,78172.96,78198.02,78171.12,78188.46
2024-12-31,15:27,78187.27,78194.56,78169.02,78192.19
2024-12-31,15:28,78197.03,78207.24,78181.78,78207.24
2024-12-31,15:29,78208.8,78226.47,78183.53,78226.47
2025-01-01,09:15,78265.07,78272.98,78162.8,78186.77
2025-01-01,09:16,78183.05,78183.05,78053.39,78153.66
2025-01-01,09:17,78158.65,78235.23,78158.65,78211.51
2025-01-01,09:18,78215.11,78253.43,78195.91,78251.76
2025-01-01,09:19,78253.04,78271.05,78211.52,78260.12
2025-01-01,09:20,78254.33,78264.3,78223.47,78226.84
2025-01-01,15:25,78544.44,78565.91,78535.17,78559.32
2025-01-01,15:26,78560.4,78569.18,78542.33,78569.18
2025-01-01,15:27,78569.35,78596.8,78564.49,78583.22
2025-01-01,15:28,78582.74,78595.71,78570.37,78578.09
2025-01-01,15:29,78578.57,78588.55,78558.36,78581.23
2025-01-02,09:15,78657.52,78727.01,78611.37,78673.03
2025-01-02,09:16,78669.57,78724.36,78656.03,78715.15
2025-01-02,09:17,78712.87,78750.36,78686.58,78743.98
2025-01-02,09:18,78743.01,78743.01,78703.25,78703.25
2025-01-02,09:19,78712.51,78712.91,78666.19,78666.44
2025-01-02,09:20,78668.19,78668.19,78565.59,78575.45
2025-01-02,15:25,79934.04,79944.87,79929.28,79933.2
2025-01-02,15:26,79930.49,79936.97,79911.51,79912.24
2025-01-02,15:27,79909.75,79932.07,79903.98,79904.66
2025-01-02,15:28,79905.77,79923.89,79885.18,79892.81
2025-01-02,15:29,79893.52,79907.54,79874.54,79905.08
2025-01-03,09:15,80072.99,80072.99,79762.67,79815.12
2025-01-03,09:16,79813.07,79846.57,79805.78,79833.82
2025-01-03,09:17,79832.54,79841.68,79800.23,79841.5
2025-01-03,09:18,79840.18,79885.93,79832.64,79883.05
2025-01-03,09:19,79885.08,79906.36,79856.14,79858.8
2025-01-03,09:20,79857.2,79857.98,79829.51,79840.7
2025-01-03,15:25,79185.66,79230.36,79185.66,79194.22
2025-01-03,15:26,79197.32,79206.17,79115.59,79116.97
2025-01-03,15:27,79116.39,79170.14,79109.73,79151.58
2025-01-03,15:28,79153.15,79161.51,79134.34,79151.36
2025-01-03,15:29,79150.13,79170.56,79131.48,79167.83
2025-01-06,09:15,79281.65,79409.66,79274.59,79335.58
2025-01-06,09:16,79343.94,79390.78,79310.82,79335.56
2025-01-06,09:17,79332.64,79362.18,79319.09,79324.1
2025-01-06,09:18,79323.2,79323.91,79285.18,79285.18
2025-01-06,09:19,79294.68,79346.22,79294.05,79344.72
2025-01-06,09:20,79331.86,79338.4,79281.05,79290.43
2025-01-06,15:25,77991.34,78025.41,77989.37,78017.76
2025-01-06,15:26,78015.22,78032.02,78003.62,78013.71
2025-01-06,15:27,78014.44,78031.68,78002.02,78012.52
2025-01-06,15:28,78018.26,78041.67,77998.86,78004.85
2025-01-06,15:29,78012.6,78060.63,77976.09,78014.27
2025-01-07,09:15,78019.8,78335.62,78019.8,78329.81
2025-01-07,09:16,78329.09,78373.56,78283.25,78293.82
2025-01-07,09:17,78296.03,78347.17,78294.18,78345.66
2025-01-07,09:18,78350.73,78378.16,78343.92,78373.37
2025-01-07,09:19,78367.44,78387.61,78324.47,78347.42
2025-01-07,09:20,78350.15,78353.4,78296.44,78316.94
2025-01-07,15:25,78160.26,78185.5,78160.26,78181.25
2025-01-07,15:26,78180.5,78180.94,78150.25,78174.03
2025-01-07,15:27,78171.31,78171.31,78133.35,78133.35
2025-01-07,15:28,78133.24,78155.94,78120.7,78155.94
2025-01-07,15:29,78154.59,78154.59,78119.44,78130.11
2025-01-08,09:15,78319.45,78319.45,78112.72,78134.63
2025-01-08,09:16,78142.92,78152.13,78101.77,78126.98
2025-01-08,09:17,78122.98,78137.75,78096.0,78120.44
2025-01-08,09:18,78126.65,78161.23,78123.74,78135.44
2025-01-08,09:19,78134.69,78143.1,78067.56,78075.19
2025-01-08,09:20,78070.19,78077.68,78044.68,78065.86
2025-01-08,15:25,78170.88,78175.71,78145.13,78153.78
2025-01-08,15:26,78152.41,78173.09,78152.41,78162.53
2025-01-08,15:27,78169.01,78175.71,78160.07,78170.05
2025-01-08,15:28,78164.58,78176.79,78147.84,78156.78
2025-01-08,15:29,78155.27,78174.19,78141.06,78141.06
2025-01-09,09:15,78206.21,78206.21,77880.36,77943.4
2025-01-09,09:16,77944.91,77969.09,77904.83,77967.36
2025-01-09,09:17,77964.42,77964.42,77922.52,77937.92
2025-01-09,09:18,77947.68,77954.23,77919.07,77929.14
2025-01-09,09:19,77922.18,77929.45,77910.03,77911.02
2025-01-09,09:20,77908.42,77917.54,77885.5,77895.33
2025-01-09,15:25,77653.84,77674.61,77653.65,77659.55
2025-01-09,15:26,77661.23,77680.18,77656.6,77666.11
2025-01-09,15:27,77670.07,77700.24,77666.78,77685.84
2025-01-09,15:28,77678.13,77709.47,77678.13,77688.0
2025-01-09,15:29,77700.28,77707.74,77664.16,77681.27
2025-01-10,09:15,77682.59,77832.84,77665.03,77797.25
2025-01-10,09:16,77806.08,77827.4,77785.79,77796.8
2025-01-10,09:17,77799.54,77810.57,77779.0,77803.55
2025-01-10,09:18,77802.45,77849.19,77792.39,77829.56
2025-01-10,09:19,77833.63,77842.46,77773.5,77773.5
2025-01-10,09:20,77770.85,77886.4,77770.35,77865.65
2025-01-10,15:25,77415.63,77430.5,77406.12,77406.79
2025-01-10,15:26,77406.08,77411.84,77392.93,77402.35
2025-01-10,15:27,77412.08,77435.9,77401.66,77409.26
2025-01-10,15:28,77411.16,77435.65,77409.57,77435.65
2025-01-10,15:29,77422.97,77450.12,77405.11,77422.4
2025-01-13,09:15,76629.9,76704.65,76557.37,76680.49
2025-01-13,09:16,76687.94,76687.94,76535.24,76578.18
2025-01-13,09:17,76573.66,76617.39,76555.24,76617.39
2025-01-13,09:18,76623.82,76716.14,76607.22,76704.78
2025-01-13,09:19,76696.53,76756.15,76664.28,76748.04
2025-01-13,09:20,76750.06,76750.06,76693.23,76726.52
2025-01-13,15:25,76351.19,76360.03,76335.95,76349.24
2025-01-13,15:26,76349.98,76364.2,76342.84,76356.32
2025-01-13,15:27,76355.38,76360.61,76339.59,76346.6
2025-01-13,15:28,76351.32,76370.3,76345.27,76370.23
2025-01-13,15:29,76374.3,76376.04,76337.88,76347.26
2025-01-14,09:15,76335.75,76717.43,76335.75,76708.26
2025-01-14,09:16,76721.44,76726.27,76680.1,76691.54
2025-01-14,09:17,76694.91,76705.67,76663.48,76677.98
2025-01-14,09:18,76676.5,76714.16,76676.5,76705.77
2025-01-14,09:19,76705.22,76710.42,76662.93,76706.17
2025-01-14,09:20,76713.73,76719.83,76675.96,76719.83
2025-01-14,15:25,76580.78,76590.03,76559.3,76588.09
2025-01-14,15:26,76588.15,76625.91,76587.37,76613.06
2025-01-14,15:27,76621.77,76647.32,76618.36,76646.81
2025-01-14,15:28,76647.96,76689.28,76645.95,76656.93
2025-01-14,15:29,76671.99,76685.97,76644.95,76670.02
2025-01-16,15:25,77052.8,77063.71,77044.59,77052.19
2025-01-16,15:26,77052.39,77055.14,77038.78,77047.8
2025-01-16,15:27,77050.99,77078.81,77047.65,77071.93
2025-01-16,15:28,77071.49,77127.31,77071.49,77118.64
2025-01-16,15:29,77125.09,77159.27,77122.45,77151.11
2025-01-17,09:15,77069.19,77069.19,76655.43,76666.08
2025-01-17,09:16,76668.83,76673.84,76583.23,76604.45
2025-01-17,09:17,76591.44,76611.26,76557.79,76610.36
2025-01-17,09:18,76607.38,76646.71,76601.33,76634.89
2025-01-17,09:19,76641.42,76641.42,76611.28,76617.31
2025-01-17,09:20,76610.83,76638.45,76577.84,76638.45
2025-01-17,15:25,76635.95,76642.15,76626.3,76642.15
2025-01-17,15:26,76640.41,76642.14,76622.8,76634.87
2025-01-17,15:27,76634.61,76636.94,76620.91,76629.41
2025-01-17,15:28,76628.46,76632.6,76610.93,76627.08
2025-01-17,15:29,76629.09,76649.93,76617.68,76628.38
2025-01-20,09:15,76978.53,77017.54,76786.36,76803.73
2025-01-20,09:16,76808.67,76822.9,76744.06,76765.49
2025-01-20,09:17,76758.24,76793.5,76740.86,76792.06
2025-01-20,09:18,76790.81,76801.34,76730.01,76735.81
2025-01-20,09:19,76736.83,76753.84,76716.36,76719.01
2025-01-20,09:20,76718.62,76737.79,76686.17,76687.37
2025-01-20,15:25,77024.48,77038.9,77014.42,77015.78
2025-01-20,15:26,77018.41,77030.44,77004.02,77004.76
2025-01-20,15:27,77003.71,77021.54,76996.15,77001.25
2025-01-20,15:28,77002.36,77010.32,76970.95,77001.91
2025-01-20,15:29,77005.92,77028.47,76991.27,77021.25
2025-01-21,09:15,77261.72,77297.72,77111.5,77119.72
2025-01-21,09:16,77116.28,77167.05,77105.46,77125.51
2025-01-21,09:17,77122.21,77154.73,77122.21,77148.46
2025-01-21,09:18,77147.94,77147.94,77120.71,77127.6
2025-01-21,09:19,77120.68,77152.61,77118.1,77144.81
2025-01-21,09:20,77147.83,77166.34,77119.67,77132.27
2025-01-21,15:25,75951.77,75966.09,75948.88,75949.78
2025-01-21,15:26,75951.54,75970.69,75951.54,75955.67
2025-01-21,15:27,75949.83,75951.14,75923.17,75926.15
2025-01-21,15:28,75925.88,75975.58,75917.45,75968.7
2025-01-21,15:29,75977.88,76018.85,75975.06,76001.46
2025-01-22,09:15,76114.42,76160.29,76001.95,76109.91
2025-01-22,09:16,76117.08,76117.08,76020.72,76029.25
2025-01-22,09:17,76024.64,76134.58,76024.64,76109.25
2025-01-22,09:18,76114.64,76163.38,76105.5,76141.17
2025-01-22,09:19,76145.21,76172.75,76142.23,76171.4
2025-01-22,09:20,76164.82,76220.37,76164.82,76182.9
2025-01-22,15:25,76426.9,76430.5,76414.03,76425.84
2025-01-22,15:26,76426.25,76438.49,76420.28,76434.09
2025-01-22,15:27,76430.81,76439.96,76410.54,76411.05
2025-01-22,15:28,76416.19,76435.67,76404.43,76424.5
2025-01-22,15:29,76430.01,76461.47,76419.46,76449.53
2025-01-23,09:15,76414.52,76414.52,76202.12,76223.59
2025-01-23,09:16,76228.03,76284.37,76226.59,76271.14
2025-01-23,09:17,76269.89,76269.89,76216.84,76243.04
2025-01-23,09:18,76244.62,76289.8,76239.5,76262.4
2025-01-23,09:19,76260.23,76276.51,76243.5,76276.51
2025-01-23,09:20,76272.64,76284.58,76247.19,76284.58
2025-01-23,15:25,76522.44,76525.12,76508.73,76512.96
2025-01-23,15:26,76513.16,76534.5,76509.44,76527.78
2025-01-23,15:27,76527.71,76528.67,76509.24,76521.23
2025-01-23,15:28,76518.1,76527.84,76503.6,76523.87
2025-01-23,15:29,76522.3,76561.77,76522.3,76561.69
2025-01-24,09:15,76455.35,76610.17,76454.18,76591.14
2025-01-24,09:16,76600.3,76703.27,76600.3,76691.25
2025-01-24,09:17,76693.73,76750.59,76689.61,76735.11
2025-01-24,09:18,76734.01,76768.84,76722.9,76760.25
2025-01-24,09:19,76749.54,76754.87,76720.42,76754.87
2025-01-24,09:20,76752.54,76759.98,76727.92,76742.39
2025-01-24,15:25,76189.19,76207.84,76181.58,76191.61
2025-01-24,15:26,76195.75,76199.05,76176.46,76184.04
2025-01-24,15:27,76187.56,76195.59,76177.38,76185.08
2025-01-24,15:28,76185.69,76195.71,76169.17,76178.8
2025-01-24,15:29,76174.0,76222.41,76174.0,76216.65
2025-01-27,09:15,75700.43,75747.22,75545.93,75667.15
2025-01-27,09:16,75665.52,75698.63,75613.84,75638.4
2025-01-27,09:17,75636.54,75641.72,75583.23,75601.08
2025-01-27,09:18,75594.15,75664.63,75592.04,75656.14
2025-01-27,09:19,75661.88,75667.46,75615.78,75630.48
2025-01-27,09:20,75632.53,75632.53,75600.87,75603.55
2025-01-27,15:25,75329.9,75367.21,75329.9,75360.72
2025-01-27,15:26,75370.74,75377.53,75345.53,75348.22
2025-01-27,15:27,75348.84,75358.14,75330.5,75346.55
2025-01-27,15:28,75346.01,75365.34,75327.18,75338.29
2025-01-27,15:29,75341.04,75367.08,75325.09,75352.03
2025-01-28,09:15,75659.0,75847.91,75656.99,75737.93
2025-01-28,09:16,75746.52,75802.36,75746.52,75758.95
2025-01-28,09:17,75748.63,75757.56,75705.0,75713.47
2025-01-28,09:18,75710.88,75734.51,75708.57,75728.77
2025-01-28,09:19,75716.91,75753.75,75716.85,75746.1
2025-01-28,09:20,75749.25,75768.48,75684.25,75697.77
2025-01-28,15:25,75966.41,75994.69,75964.43,75994.69
2025-01-28,15:26,75995.21,75997.84,75979.18,75983.01
2025-01-28,15:27,75989.7,75999.08,75976.87,75985.22
2025-01-28,15:28,75986.34,76008.16,75976.81,75982.45
2025-01-28,15:29,75980.58,75999.84,75960.86,75969.75
2025-01-29,09:15,76138.24,76257.28,76133.64,76187.79
2025-01-29,09:16,76192.39,76238.26,76164.32,76187.64
2025-01-29,09:17,76174.44,76186.37,76150.45,76165.68
2025-01-29,09:18,76165.08,76175.24,76149.81,76171.14
2025-01-29,09:19,76169.42,76177.07,76149.15,76172.54
2025-01-29,09:20,76179.16,76179.16,76110.22,76120.44
2025-01-29,15:25,76581.52,76599.73,76569.71,76577.25
2025-01-29,15:26,76576.0,76592.9,76571.81,76583.33
2025-01-29,15:27,76584.26,76596.54,76569.48,76573.62
2025-01-29,15:28,76572.75,76588.51,76540.45,76565.06
2025-01-29,15:29,76568.09,76596.61,76552.45,76557.89
2025-01-30,09:15,76598.84,76601.64,76446.48,76463.02
2025-01-30,09:16,76478.97,76579.03,76467.18,76514.22
2025-01-30,09:17,76520.08,76539.71,76501.4,76514.35
2025-01-30,09:18,76520.67,76527.62,76481.25,76481.25
2025-01-30,09:19,76478.66,76502.58,76461.59,76480.53
2025-01-30,09:20,76485.6,76509.89,76461.49,76463.14
2025-01-30,15:25,76860.09,76863.58,76843.63,76851.98
2025-01-30,15:26,76851.95,76884.68,76847.3,76881.14
2025-01-30,15:27,76882.14,76905.95,76879.25,76900.5
2025-01-30,15:28,76906.36,76937.13,76887.6,76929.72
2025-01-30,15:29,76928.04,76962.88,76884.7,76887.85
2025-01-31,09:15,76888.89,76947.92,76842.07,76844.49
2025-01-31,09:16,76853.19,76908.95,76851.12,76890.89
2025-01-31,09:17,76889.02,76926.79,76885.6,76891.99
2025-01-31,09:18,76894.49,76919.92,76882.68,76919.92
2025-01-31,09:19,76919.08,76942.15,76903.81,76915.73
2025-01-31,09:20,76909.89,76912.13,76858.34,76882.24
2025-01-31,15:25,77546.96,77547.14,77523.31,77536.3
2025-01-31,15:26,77536.11,77554.31,77529.3,77535.57
2025-01-31,15:27,77535.71,77548.96,77528.7,77541.37
2025-01-31,15:28,77543.1,77605.96,77543.1,77573.62
2025-01-31,15:29,77572.51,77597.97,77555.42,77565.79
2025-02-01,09:15,77637.01,77832.05,77594.58,77614.42
2025-02-01,09:16,77608.94,77614.48,77549.78,77563.89
2025-02-01,09:17,77562.53,77588.82,77516.34,77517.2
2025-02-01,09:18,77519.3,77540.8,77509.33,77513.69
2025-02-01,09:19,77508.68,77521.85,77483.01,77487.42
2025-02-01,09:20,77489.81,77496.78,77434.85,77461.18
2025-02-01,15:25,77470.27,77486.69,77462.11,77468.79
2025-02-01,15:26,77468.62,77516.67,77468.62,77505.11
2025-02-01,15:27,77505.43,77522.58,77497.38,77520.02
2025-02-01,15:28,77526.59,77536.12,77500.56,77518.33
2025-02-01,15:29,77522.73,77605.62,77521.6,77584.54
2025-02-03,09:15,77063.94,77063.94,76791.55,76859.28
2025-02-03,09:16,76859.95,76860.87,76791.22,76811.86
2025-02-03,09:17,76810.16,76852.91,76799.01,76816.26
2025-02-03,09:18,76818.62,76835.34,76791.09,76825.99
2025-02-03,09:19,76830.73,76862.52,76817.39,76834.48
2025-02-03,09:20,76825.2,76855.86,76808.83,76810.6
2025-02-03,15:25,77180.0,77196.44,77158.55,77182.56
2025-02-03,15:26,77182.05,77198.84,77153.53,77177.91
2025-02-03,15:27,77177.38,77180.54,77157.42,77159.93
2025-02-03,15:28,77155.1,77176.08,77149.03,77159.25
2025-02-03,15:29,77157.56,77207.81,77157.56,77186.29
2025-02-04,09:15,77687.6,77735.41,77516.99,77594.74
2025-02-04,09:16,77575.0,77611.33,77575.0,77590.63
2025-02-04,09:17,77589.42,77643.83,77589.42,77643.83
2025-02-04,09:18,77638.82,77663.2,77627.91,77652.5
2025-02-04,09:19,77649.32,77651.73,77634.24,77640.14
2025-02-04,09:20,77634.7,77681.03,77632.13,77668.18
2025-02-04,15:25,78477.78,78480.24,78436.51,78441.19
2025-02-04,15:26,78439.56,78447.09,78409.37,78415.45
2025-02-04,15:27,78416.95,78438.15,78406.26,78418.82
2025-02-04,15:28,78423.31,78427.84,78385.45,78426.48
2025-02-04,15:29,78419.43,78424.78,78376.92,78398.67
2025-02-05,09:15,78704.6,78735.41,78545.5,78560.61
2025-02-05,09:16,78557.07,78604.24,78554.03,78582.41
2025-02-05,09:17,78572.75,78597.23,78559.29,78595.27
2025-02-05,09:18,78585.84,78610.49,78578.13,78596.0
2025-02-05,09:19,78599.45,78599.54,78567.64,78580.07
2025-02-05,09:20,78579.54,78585.18,78537.86,78549.14
2025-02-05,15:25,78282.01,78288.74,78265.44,78265.44
2025-02-05,15:26,78265.2,78282.6,78256.98,78260.95
2025-02-05,15:27,78260.03,78279.03,78254.06,78262.24
2025-02-05,15:28,78254.59,78265.68,78238.58,78256.95
2025-02-05,15:29,78241.28,78270.36,78216.25,78264.59
2025-02-06,09:15,78513.36,78551.66,78387.92,78393.29
2025-02-06,09:16,78406.57,78423.62,78375.82,78411.44
2025-02-06,09:17,78410.92,78419.17,78382.38,78402.22
2025-02-06,09:18,78399.2,78427.85,78394.69,78421.63
2025-02-06,09:19,78422.59,78428.38,78394.4,78405.17
2025-02-06,09:20,78402.94,78407.4,78356.63,78370.13
2025-02-06,15:25,78100.78,78126.92,78099.09,78110.8
2025-02-06,15:26,78108.86,78123.6,78099.15,78109.94
2025-02-06,15:27,78111.03,78127.54,78088.34,78115.17
2025-02-06,15:28,78112.62,78135.79,78107.64,78125.84
2025-02-06,15:29,78119.96,78140.92,78098.52,78133.8
2025-02-07,09:15,78119.6,78356.98,78066.29,78078.08
2025-02-07,09:16,78071.72,78085.13,78038.94,78043.0
2025-02-07,09:17,78038.54,78052.51,77970.84,77991.08
2025-02-07,09:18,77985.73,78021.89,77983.29,78001.99
2025-02-07,09:19,78002.02,78026.96,77978.72,77978.72
2025-02-07,09:20,77981.42,78010.07,77968.07,77993.43
2025-02-07,15:25,77885.6,77896.44,77877.39,77880.41
2025-02-07,15:26,77875.66,77886.07,77871.03,77881.76
2025-02-07,15:27,77879.04,77913.73,77866.0,77913.73
2025-02-07,15:28,77912.63,77913.46,77886.01,77899.36
2025-02-07,15:29,77894.79,77903.05,77832.83,77846.55
2025-02-10,09:15,77789.3,77849.58,77594.61,77595.24
2025-02-10,09:16,77591.96,77624.79,77564.06,77578.28
2025-02-10,09:17,77576.0,77605.19,77541.51,77551.25
2025-02-10,09:18,77560.36,77560.36,77516.36,77539.96
2025-02-10,09:19,77543.94,77582.77,77531.24,77582.25
2025-02-10,09:20,77576.09,77590.59,77548.04,77557.8
2025-02-10,15:25,77329.41,77338.29,77325.23,77337.72
2025-02-10,15:26,77338.58,77338.94,77319.89,77330.23
2025-02-10,15:27,77329.43,77336.59,77317.86,77317.97
2025-02-10,15:28,77316.79,77319.52,77295.37,77302.88
2025-02-10,15:29,77302.47,77306.27,77275.87,77302.21
2025-02-11,09:15,77384.98,77387.28,77208.3,77237.13
2025-02-11,09:16,77237.4,77245.07,77170.68,77192.94
2025-02-11,09:17,77199.97,77265.05,77199.97,77265.05
2025-02-11,09:18,77267.27,77267.27,77201.77,77218.59
2025-02-11,09:19,77218.2,77236.27,77208.85,77229.36
2025-02-11,09:20,77223.22,77229.2,77185.3,77190.74
2025-02-11,15:25,76319.55,76326.22,76311.56,76314.64
2025-02-11,15:26,76313.86,76315.13,76294.25,76312.21
2025-02-11,15:27,76313.12,76321.08,76288.34,76288.34
2025-02-11,15:28,76290.44,76305.44,76281.35,76290.64
2025-02-11,15:29,76292.76,76313.47,76279.53,76295.35
2025-02-12,09:15,76188.24,76409.27,76124.02,76142.02
2025-02-12,09:16,76144.33,76177.18,76109.8,76158.22
2025-02-12,09:17,76163.75,76192.04,76149.71,76162.38
2025-02-12,09:18,76164.02,76187.89,76147.73,76160.19
2025-02-12,09:19,76156.9,76156.9,76129.43,76140.96
2025-02-12,09:20,76141.68,76144.14,76109.68,76137.96
2025-02-12,15:25,76219.66,76239.9,76217.81,76226.06
2025-02-12,15:26,76228.77,76237.09,76217.23,76219.87
2025-02-12,15:27,76219.38,76221.86,76207.66,76220.69
2025-02-12,15:28,76221.72,76231.04,76208.62,76221.15
2025-02-12,15:29,76215.23,76244.52,76212.62,76238.33
2025-02-13,09:15,76201.1,76385.16,76199.77,76372.67
2025-02-13,09:16,76362.3,76364.23,76299.39,76313.32
2025-02-13,09:17,76307.81,76309.1,76255.72,76268.65
2025-02-13,09:18,76272.87,76307.91,76269.52,76303.57
2025-02-13,09:19,76305.67,76311.28,76276.32,76294.72
2025-02-13,09:20,76297.67,76339.75,76287.46,76337.04
2025-02-13,15:25,76118.94,76140.32,76118.94,76124.92
2025-02-13,15:26,76120.36,76137.24,76115.14,76122.5
2025-02-13,15:27,76126.68,76127.99,76111.36,76119.85
2025-02-13,15:28,76121.62,76129.9,76091.89,76095.36
2025-02-13,15:29,76097.1,76121.58,76075.1,76092.39
2025-02-14,09:15,76388.99,76453.41,76318.13,76411.47
2025-02-14,09:16,76408.32,76470.23,76398.25,76465.36
2025-02-14,09:17,76465.46,76483.06,76414.63,76424.12
2025-02-14,09:18,76419.83,76438.28,76370.92,76370.92
2025-02-14,09:19,76373.78,76382.85,76346.09,76351.67
2025-02-14,09:20,76352.54,76367.46,76332.53,76334.75
2025-02-14,15:25,75914.48,75947.45,75914.48,75942.94
2025-02-14,15:26,75940.23,75942.38,75911.19,75920.68
2025-02-14,15:27,75919.22,75925.83,75912.21,75917.53
2025-02-14,15:28,75917.52,75940.11,75879.34,75892.25
2025-02-14,15:29,75871.04,75895.72,75804.2,75863.04
2025-02-17,09:15,75641.41,75641.41,75398.41,75429.17
2025-02-17,09:16,75417.05,75417.05,75294.76,75330.16
2025-02-17,09:17,75335.08,75434.99,75332.14,75434.99
2025-02-17,09:18,75437.06,75448.47,75398.34,75429.28
2025-02-17,09:19,75435.99,75533.96,75435.99,75533.16
2025-02-17,09:20,75524.3,75648.95,75524.3,75648.09
2025-02-17,15:25,76012.73,76022.35,76005.88,76005.88
2025-02-17,15:26,76009.21,76026.81,76007.21,76013.91
2025-02-17,15:27,76012.44,76034.39,76007.86,76031.98
2025-02-17,15:28,76028.35,76036.01,76008.8,76036.01
2025-02-17,15:29,76029.46,76041.96,75993.09,76007.68
2025-02-18,09:15,76073.71,76073.71,75893.37,75993.75
2025-02-18,09:16,76003.77,76018.15,75972.8,75974.62
2025-02-18,09:17,75971.4,75975.51,75929.5,75941.48
2025-02-18,09:18,75940.81,75941.75,75902.3,75903.85
2025-02-18,09:19,75904.34,75905.39,75879.23,75885.94
2025-02-18,09:20,75885.74,75937.86,75863.93,75937.55
2025-02-18,15:25,75952.43,75955.81,75932.07,75951.65
2025-02-18,15:26,75957.57,75967.48,75955.61,75961.98
2025-02-18,15:27,75962.02,75966.28,75932.36,75938.52
2025-02-18,15:28,75937.0,75952.69,75920.29,75937.15
2025-02-18,15:29,75922.85,75937.71,75882.82,75901.34
2025-02-19,09:15,75787.27,75787.27,75581.38,75622.43
2025-02-19,09:16,75616.1,75630.68,75603.99,75618.42
2025-02-19,09:17,75617.0,75683.63,75616.15,75655.79
2025-02-19,09:18,75655.16,75676.22,75648.39,75676.13
2025-02-19,09:19,75679.82,75687.81,75660.43,75676.02
2025-02-19,09:20,75677.28,75678.38,75636.74,75645.64
2025-02-19,15:25,75930.94,75936.41,75912.73,75915.18
2025-02-19,15:26,75915.86,75943.31,75914.44,75942.95
2025-02-19,15:27,75945.37,75950.28,75936.53,75947.87
2025-02-19,15:28,75949.5,75949.5,75908.42,75910.9
2025-02-19,15:29,75909.95,75921.31,75863.29,75874.53
2025-02-20,09:15,75672.84,75672.84,75546.17,75650.84
2025-02-20,09:16,75651.35,75653.63,75625.4,75627.5
2025-02-20,09:17,75628.19,75675.28,75605.26,75671.68
2025-02-20,09:18,75664.46,75680.61,75644.77,75674.07
2025-02-20,09:19,75654.05,75656.08,75632.41,75645.37
2025-02-20,09:20,75641.74,75658.72,75626.66,75641.91
2025-02-20,15:25,75749.62,75762.18,75748.77,75762.18
2025-02-20,15:26,75759.47,75766.94,75737.01,75747.73
2025-02-20,15:27,75747.44,75762.14,75734.54,75742.1
2025-02-20,15:28,75744.61,75751.29,75724.64,75727.75
2025-02-20,15:29,75732.22,75744.86,75715.82,75715.82
2025-02-21,09:15,75612.61,75670.43,75533.75,75658.63
2025-02-21,09:16,75654.45,75685.73,75613.52,75684.82
2025-02-21,09:17,75681.83,75687.82,75638.11,75675.82
2025-02-21,09:18,75676.52,75700.11,75663.98,75679.43
2025-02-21,09:19,75677.6,75708.19,75666.57,75700.19
2025-02-21,09:20,75698.23,75736.76,75671.69,75717.78
2025-02-21,15:25,75323.46,75334.75,75319.91,75330.62
2025-02-21,15:26,75327.81,75329.41,75302.44,75302.84
2025-02-21,15:27,75303.78,75313.57,75289.67,75293.98
2025-02-21,15:28,75290.75,75309.34,75278.67,75278.67
2025-02-21,15:29,75281.43,75299.95,75237.4,75248.29
2025-02-24,09:15,74893.45,74907.04,74743.44,74867.57
2025-02-24,09:16,74886.29,74890.4,74780.64,74783.58
2025-02-24,09:17,74785.06,74785.14,74760.24,74780.15
2025-02-24,09:18,74786.34,74860.5,74785.34,74855.2
2025-02-24,09:19,74855.45,74870.35,74844.66,74845.12
2025-02-24,09:20,74840.1,74840.1,74742.6,74755.2
2025-02-24,15:25,74441.26,74462.37,74441.26,74458.67
2025-02-24,15:26,74458.58,74468.88,74452.91,74460.67
2025-02-24,15:27,74462.19,74473.8,74446.7,74450.01
2025-02-24,15:28,74451.28,74461.68,74434.72,74454.02
2025-02-24,15:29,74447.08,74469.59,74439.88,74456.83
2025-02-25,09:15,74440.3,74571.98,74400.37,74540.5
2025-02-25,09:16,74544.13,74544.13,74476.38,74482.08
2025-02-25,09:17,74482.46,74504.49,74472.14,74503.33
2025-02-25,09:18,74503.26,74554.42,74501.2,74531.36
2025-02-25,09:19,74527.88,74530.04,74478.21,74484.37
2025-02-25,09:20,74482.99,74483.84,74451.77,74477.9
2025-02-25,15:25,74512.31,74528.82,74505.41,74513.81
2025-02-25,15:26,74524.57,74536.89,74505.05,74509.44
2025-02-25,15:27,74509.79,74525.7,74489.04,74492.72
2025-02-25,15:28,74492.48,74506.79,74477.31,74503.72
2025-02-25,15:29,74504.56,74508.76,74474.34,74506.01
2025-02-27,09:15,74706.6,74834.09,74669.89,74751.53
2025-02-27,09:16,74743.19,74775.66,74728.55,74728.76
2025-02-27,09:17,74725.84,74736.33,74700.88,74717.21
2025-02-27,09:18,74715.35,74740.64,74709.25,74728.33
2025-02-27,09:19,74725.94,74742.61,74697.41,74701.31
2025-02-27,09:20,74698.53,74726.87,74695.45,74702.86
2025-02-27,15:25,74621.54,74628.72,74600.32,74603.78
2025-02-27,15:26,74595.15,74611.85,74589.62,74603.53
2025-02-27,15:27,74601.29,74611.61,74562.26,74568.97
2025-02-27,15:28,74561.17,74589.82,74527.44,74550.85
2025-02-27,15:29,74553.0,74579.77,74520.78,74564.78
2025-02-28,09:15,74201.77,74282.43,73972.54,73983.2
2025-02-28,09:16,73988.69,73997.48,73893.29,73925.52
2025-02-28,09:17,73924.85,73950.89,73911.97,73919.77
2025-02-28,09:18,73914.18,73914.45,73860.09,73868.84
2025-02-28,09:19,73875.75,73888.62,73850.55,73870.1
2025-02-28,09:20,73865.84,73880.31,73843.07,73876.78
2025-02-28,15:25,73174.2,73190.23,73165.37,73189.59
2025-02-28,15:26,73188.69,73210.95,73177.95,73177.95
2025-02-28,15:27,73169.51,73213.83,73169.51,73175.33
2025-02-28,15:28,73175.22,73215.89,73141.27,73153.38
2025-02-28,15:29,73151.5,73202.13,73146.19,73193.89
2025-03-03,09:15,73427.65,73647.43,73418.75,73540.51
2025-03-03,09:16,73556.69,73604.15,73556.69,73579.69
2025-03-03,09:17,73595.19,73647.66,73577.84,73612.96
2025-03-03,09:18,73614.92,73627.3,73592.79,73620.29
2025-03-03,09:19,73613.57,73649.72,73607.59,73633.36
2025-03-03,09:20,73627.81,73638.78,73589.1,73592.1
2025-03-03,15:25,73130.58,73134.88,73113.63,73128.07
2025-03-03,15:26,73129.65,73149.79,73120.42,73143.71
2025-03-03,15:27,73142.55,73151.91,73131.26,73140.64
2025-03-03,15:28,73140.4,73156.2,73129.07,73145.86
2025-03-03,15:29,73150.72,73188.65,73132.64,73177.0
2025-03-04,09:15,72817.34,72817.34,72633.54,72736.98
2025-03-04,09:16,72725.67,72725.76,72670.46,72699.02
2025-03-04,09:17,72696.67,72709.16,72661.44,72668.39
2025-03-04,09:18,72667.79,72717.15,72665.17,72665.17
2025-03-04,09:19,72670.02,72742.21,72669.54,72738.09
2025-03-04,09:20,72741.42,72780.05,72730.09,72770.28
2025-03-04,15:25,72978.88,72982.8,72956.25,72956.25
2025-03-04,15:26,72956.3,72956.53,72938.61,72956.53
2025-03-04,15:27,72955.28,72966.02,72944.01,72947.99
2025-03-04,15:28,72945.2,72959.35,72917.16,72930.28
2025-03-04,15:29,72930.5,72992.68,72910.19,72992.68
2025-03-05,09:15,73005.37,73219.12,72894.05,73193.28
2025-03-05,09:16,73174.82,73174.82,73106.88,73157.07
2025-03-05,09:17,73163.79,73230.8,73152.65,73206.51
2025-03-05,09:18,73198.55,73216.41,73178.11,73186.73
2025-03-05,09:19,73185.6,73193.15,73153.34,73157.39
2025-03-05,09:20,73167.88,73179.25,73137.36,73151.11
2025-03-05,15:25,73713.79,73736.72,73704.35,73726.26
2025-03-05,15:26,73731.79,73735.77,73718.9,73735.77
2025-03-05,15:27,73735.57,73751.1,73720.25,73739.38
2025-03-05,15:28,73738.54,73781.5,73730.2,73746.19
2025-03-05,15:29,73737.4,73771.38,73737.4,73771.38
2025-03-06,09:15,74308.3,74308.59,74006.14,74082.04
2025-03-06,09:16,74087.63,74139.27,74074.63,74083.66
2025-03-06,09:17,74080.72,74091.06,74059.6,74071.3
2025-03-06,09:18,74066.43,74077.94,74042.25,74051.61
2025-03-06,09:19,74053.42,74072.94,74025.71,74035.61
2025-03-06,09:20,74041.72,74054.18,73983.21,73990.73
2025-03-06,15:25,74355.69,74367.48,74340.76,74340.85
2025-03-06,15:26,74340.1,74354.96,74324.01,74324.01
2025-03-06,15:27,74327.32,74336.6,74314.77,74314.77
2025-03-06,15:28,74320.83,74320.83,74294.68,74304.47
2025-03-06,15:29,74306.38,74322.86,74288.06,74322.33
2025-03-07,09:15,74347.14,74347.14,74045.11,74062.67
2025-03-07,09:16,74055.78,74269.53,74038.03,74269.53
2025-03-07,09:17,74266.72,74338.05,74239.43,74338.05
2025-03-07,09:18,74337.76,74379.54,74323.45,74326.32
2025-03-07,09:19,74330.96,74347.45,74314.51,74344.19
2025-03-07,09:20,74340.64,74340.64,74267.01,74279.39
2025-03-07,15:25,74308.42,74315.95,74296.84,74309.89
2025-03-07,15:26,74309.01,74309.54,74293.16,74302.72
2025-03-07,15:27,74301.84,74302.02,74280.67,74285.66
2025-03-07,15:28,74288.48,74289.25,74261.51,74283.58
2025-03-07,15:29,74296.51,74312.56,74284.38,74308.99
2025-03-10,09:15,74474.98,74474.98,74205.35,74376.38
2025-03-10,09:16,74373.25,74373.25,74323.56,74348.11
2025-03-10,09:17,74348.18,74360.64,74156.0,74185.96
2025-03-10,09:18,74189.02,74337.32,74189.02,74319.18
2025-03-10,09:19,74316.39,74389.02,74316.39,74384.63
2025-03-10,09:20,74386.22,74386.22,74330.65,74370.35
2025-03-10,15:25,74104.08,74135.01,74104.08,74114.62
2025-03-10,15:26,74121.2,74140.61,74107.4,74136.92
2025-03-10,15:27,74139.13,74143.13,74108.71,74109.72
2025-03-10,15:28,74098.67,74117.69,74055.82,74065.19
2025-03-10,15:29,74064.32,74087.99,74022.24,74046.99
2025-03-11,09:15,73743.88,73783.35,73674.16,73753.66
2025-03-11,09:16,73759.16,73759.16,73673.47,73690.77
2025-03-11,09:17,73683.61,73746.17,73674.25,73743.13
2025-03-11,09:18,73742.0,73836.8,73742.0,73805.65
2025-03-11,09:19,73803.48,73806.04,73723.84,73746.1
2025-03-11,09:20,73738.82,73738.82,73685.07,73719.4
2025-03-11,15:25,74119.3,74132.32,74113.32,74132.26
2025-03-11,15:26,74127.07,74155.12,74125.83,74148.06
2025-03-11,15:27,74144.39,74169.54,74144.2,74148.44
2025-03-11,15:28,74144.24,74187.43,74139.43,74174.89
2025-03-11,15:29,74167.81,74195.17,74154.69,74160.96
2025-03-12,09:15,74270.81,74377.13,74236.07,74313.69
2025-03-12,09:16,74323.15,74364.7,74286.17,74362.44
2025-03-12,09:17,74360.9,74375.11,74325.7,74356.13
2025-03-12,09:18,74363.95,74392.15,74339.98,74373.39
2025-03-12,09:19,74377.26,74390.88,74302.24,74302.24
2025-03-12,09:20,74301.8,74301.8,74217.61,74218.63
2025-03-12,15:25,74035.32,74039.85,73997.62,74020.18
2025-03-12,15:26,74019.55,74019.55,73994.37,74016.61
2025-03-12,15:27,74018.46,74046.34,74005.83,74042.59
2025-03-12,15:28,74039.68,74071.32,74031.04,74069.09
2025-03-12,15:29,74068.7,74075.94,74028.61,74049.65
2025-03-13,09:15,74392.54,74401.11,74174.99,74195.17
2025-03-13,09:16,74191.64,74191.64,74105.32,74105.32
2025-03-13,09:17,74106.25,74161.18,74102.94,74152.69
2025-03-13,09:18,74160.87,74174.28,74126.89,74140.87
2025-03-13,09:19,74139.46,74139.46,74098.53,74123.02
2025-03-13,09:20,74119.05,74123.33,74095.9,74103.71
2025-03-13,15:25,73864.67,73883.96,73855.4,73860.39
2025-03-13,15:26,73859.86,73864.86,73833.69,73842.03
2025-03-13,15:27,73847.23,73852.77,73834.18,73838.66
2025-03-13,15:28,73835.2,73855.18,73817.38,73841.66
2025-03-13,15:29,73828.37,73842.98,73776.29,73776.29
2025-03-17,09:15,73830.03,74137.81,73796.06,74106.49
2025-03-17,09:16,74102.69,74139.37,74065.28,74122.2
2025-03-17,09:17,74116.77,74126.73,74061.48,74095.89
2025-03-17,09:18,74103.18,74149.83,74090.01,74132.92
2025-03-17,09:19,74134.88,74160.45,74130.22,74155.27
2025-03-17,09:20,74154.31,74192.58,74153.96,74165.43
2025-03-17,15:25,74175.37,74186.09,74165.58,74170.38
2025-03-17,15:26,74168.86,74188.76,74163.02,74166.88
2025-03-17,15:27,74167.55,74187.96,74163.11,74187.96
2025-03-17,15:28,74186.63,74199.2,74173.27,74180.29
2025-03-17,15:29,74165.74,74200.34,74162.1,74185.28
2025-03-18,09:15,74608.66,74660.07,74480.15,74525.44
2025-03-18,09:16,74520.48,74595.57,74520.48,74591.28
2025-03-18,09:17,74588.01,74588.01,74550.15,74554.56
2025-03-18,09:18,74548.92,74551.53,74485.82,74489.4
2025-03-18,09:19,74482.39,74528.32,74482.39,74510.6
2025-03-18,09:20,74512.15,74523.0,74501.53,74503.59
2025-03-18,15:25,75377.18,75379.45,75352.15,75352.15
2025-03-18,15:26,75350.36,75362.41,75335.25,75348.65
2025-03-18,15:27,75349.85,75356.41,75334.57,75336.0
2025-03-18,15:28,75337.58,75365.78,75332.4,75350.0
2025-03-18,15:29,75350.19,75367.35,75337.45,75352.62
2025-03-19,09:15,75473.17,75473.69,75274.21,75303.47
2025-03-19,09:16,75307.15,75375.66,75306.81,75368.51
2025-03-19,09:17,75365.75,75386.7,75356.16,75361.97
2025-03-19,09:18,75368.9,75420.98,75366.42,75415.31
2025-03-19,09:19,75413.55,75439.4,75411.76,75433.75
2025-03-19,09:20,75432.98,75434.96,75364.51,75375.21
2025-03-19,15:25,75432.45,75440.33,75413.55,75438.06
2025-03-19,15:26,75437.44,75453.84,75430.16,75446.45
2025-03-19,15:27,75442.88,75450.03,75436.04,75450.03
2025-03-19,15:28,75441.73,75472.92,75425.11,75468.42
2025-03-19,15:29,75468.74,75484.43,75452.24,75452.24
2025-03-20,09:15,75917.11,75927.18,75767.99,75820.35
2025-03-20,09:16,75832.99,75843.21,75789.51,75806.81
2025-03-20,09:17,75815.0,75829.78,75806.2,75824.76
2025-03-20,09:18,75830.3,75845.74,75823.87,75844.91
2025-03-20,09:19,75844.34,75862.03,75834.94,75840.67
2025-03-20,09:20,75841.37,75876.6,75829.56,75846.91
2025-03-20,15:25,76341.84,76353.57,76324.55,76352.48
2025-03-20,15:26,76354.85,76364.17,76330.82,76346.23
2025-03-20,15:27,76345.78,76352.79,76329.53,76342.45
2025-03-20,15:28,76342.47,76342.47,76303.57,76306.44
2025-03-20,15:29,76308.97,76312.94,76275.28,76296.18
2025-03-21,09:15,76155.0,76312.55,76095.26,76158.04
2025-03-21,09:16,76163.56,76241.2,76161.53,76209.64
2025-03-21,09:17,76213.14,76255.33,76213.14,76249.58
2025-03-21,09:18,76247.2,76303.39,76228.29,76303.39
2025-03-21,09:19,76303.4,76347.56,76301.54,76330.8
2025-03-21,09:20,76327.94,76343.99,76321.66,76331.81
2025-03-21,15:25,76940.93,76957.28,76918.59,76924.43
2025-03-21,15:26,76926.83,76948.29,76923.31,76936.45
2025-03-21,15:27,76936.8,76963.58,76928.63,76952.39
2025-03-21,15:28,76956.48,76994.91,76946.68,76968.47
2025-03-21,15:29,76959.04,76961.53,76903.61,76954.68
2025-03-24,09:15,77456.27,77474.21,77312.97,77391.94
2025-03-24,09:16,77384.79,77498.29,77384.79,77443.54
2025-03-24,09:17,77445.65,77468.76,77406.57,77419.46
2025-03-24,09:18,77421.41,77442.49,77375.56,77431.28
2025-03-24,09:19,77432.27,77460.27,77418.65,77455.88
2025-03-24,09:20,77454.18,77457.67,77397.59,77420.78
2025-03-24,15:25,78030.93,78039.22,78019.3,78019.3
2025-03-24,15:26,78016.98,78045.55,78015.4,78019.91
2025-03-24,15:27,78021.19,78037.66,78015.16,78023.84
2025-03-24,15:28,78022.03,78055.38,78021.79,78055.38
2025-03-24,15:29,78056.16,78057.71,78023.22,78034.2
2025-03-25,09:15,78296.28,78387.1,78224.7,78385.79
2025-03-25,09:16,78373.73,78402.92,78320.19,78332.29
2025-03-25,09:17,78316.18,78330.53,78284.68,78326.24
2025-03-25,09:18,78322.92,78343.07,78287.28,78300.67
2025-03-25,09:19,78300.1,78303.94,78241.77,78241.77
2025-03-25,09:20,78243.85,78261.72,78210.41,78227.29
2025-03-25,15:25,77925.12,77929.63,77896.07,77896.07
2025-03-25,15:26,77894.52,77904.87,77840.19,77854.25
2025-03-25,15:27,77854.52,77859.37,77788.2,77793.4
2025-03-25,15:28,77795.9,77815.64,77775.75,77791.73
2025-03-25,15:29,77787.48,77792.42,77745.63,77777.63
2025-03-26,09:15,78021.45,78128.3,77876.83,77966.59
2025-03-26,09:16,77969.63,78050.17,77939.6,78029.21
2025-03-26,09:17,78042.2,78082.4,77975.01,78017.42
2025-03-26,09:18,78020.26,78038.75,78007.97,78007.97
2025-03-26,09:19,78001.44,78055.46,78001.44,78043.15
2025-03-26,09:20,78042.08,78138.86,78034.77,78126.45
2025-03-26,15:25,77298.69,77309.81,77281.18,77284.93
2025-03-26,15:26,77281.37,77300.2,77266.4,77295.5
2025-03-26,15:27,77295.43,77295.8,77264.26,77291.01
2025-03-26,15:28,77287.41,77308.3,77275.05,77283.36
2025-03-26,15:29,77279.98,77290.23,77228.28,77258.06
2025-03-27,09:15,77087.39,77266.09,77082.51,77229.65
2025-03-27,09:16,77210.12,77225.56,77144.36,77165.76
2025-03-27,09:17,77167.11,77226.53,77166.19,77199.61
2025-03-27,09:18,77209.72,77255.38,77200.03,77255.38
2025-03-27,09:19,77264.9,77348.73,77239.33,77348.73
2025-03-27,09:20,77370.27,77424.87,77328.62,77424.87
2025-03-27,15:25,77607.39,77644.6,77597.96,77644.6
2025-03-27,15:26,77644.28,77644.28,77581.16,77629.18
2025-03-27,15:27,77627.35,77669.36,77618.13,77669.36
2025-03-27,15:28,77666.84,77673.68,77622.41,77651.18
2025-03-27,15:29,77646.72,77696.16,77581.59,77581.59
2025-03-28,09:15,77690.69,77750.45,77583.11,77598.49
2025-03-28,09:16,77607.01,77607.01,77529.35,77538.17
2025-03-28,09:17,77529.2,77580.93,77517.93,77564.82
2025-03-28,09:18,77567.67,77602.52,77560.2,77599.31
2025-03-28,09:19,77597.42,77624.53,77580.05,77624.53
2025-03-28,09:20,77624.8,77636.45,77596.16,77625.34
2025-03-28,15:25,77374.63,77374.63,77321.4,77341.31
2025-03-28,15:26,77338.09,77350.59,77319.53,77342.57
2025-03-28,15:27,77333.09,77358.23,77326.51,77349.62
2025-03-28,15:28,77348.67,77356.37,77326.36,77334.41
2025-03-28,15:29,77335.01,77362.63,77325.37,77344.47
2025-04-01,09:15,76882.58,77008.27,76775.79,77008.27
2025-04-01,09:16,77011.68,77017.56,76922.03,76988.54
2025-04-01,09:17,76989.55,77073.43,76989.55,77052.19
2025-04-01,09:18,77052.88,77072.77,77029.13,77034.64
2025-04-01,09:19,77030.74,77030.74,76968.54,76971.68
2025-04-01,09:20,76967.47,77012.44,76944.47,77012.44
2025-04-01,15:25,76044.9,76075.57,76006.0,76072.93
2025-04-01,15:26,76070.57,76086.01,76047.45,76081.12
2025-04-01,15:27,76079.91,76098.14,76059.33,76076.8
2025-04-01,15:28,76075.35,76107.05,76070.67,76091.51
2025-04-01,15:29,76097.07,76126.53,76083.05,76107.66
2025-04-02,09:15,76146.28,76276.13,76111.16,76135.65
2025-04-02,09:16,76119.9,76202.6,76118.93,76202.6
2025-04-02,09:17,76195.49,76268.84,76195.49,76249.55
2025-04-02,09:18,76250.79,76281.33,76235.25,76235.25
2025-04-02,09:19,76237.02,76252.72,76208.7,76226.88
2025-04-02,09:20,76229.35,76229.35,76180.49,76186.96
2025-04-02,15:25,76613.61,76640.61,76612.55,76627.43
2025-04-02,15:26,76628.74,76654.04,76623.1,76638.24
2025-04-02,15:27,76639.33,76664.21,76628.8,76637.55
2025-04-02,15:28,76627.36,76643.28,76598.25,76605.14
2025-04-02,15:29,76608.75,76622.48,76585.59,76622.48
2025-04-03,09:15,75811.86,76146.76,75807.55,76088.08
2025-04-03,09:16,76090.45,76142.36,76079.79,76084.09
2025-04-03,09:17,76071.48,76166.88,76063.94,76157.34
2025-04-03,09:18,76153.35,76189.72,76145.9,76153.37
2025-04-03,09:19,76154.53,76198.0,76152.4,76180.62
2025-04-03,09:20,76181.63,76193.56,76152.04,76191.59
2025-04-03,15:25,76314.42,76340.03,76314.42,76326.08
2025-04-03,15:26,76327.43,76337.7,76307.15,76324.92
2025-04-03,15:27,76326.98,76339.95,76308.36,76313.24
2025-04-03,15:28,76319.31,76329.9,76294.38,76296.64
2025-04-03,15:29,76293.93,76318.27,76268.11,76272.54
2025-04-04,09:15,76160.09,76258.12,75927.14,75956.43
2025-04-04,09:16,75957.7,75959.92,75909.63,75932.05
2025-04-04,09:17,75928.94,75991.15,75928.94,75964.88
2025-04-04,09:18,75963.77,75981.14,75918.43,75927.24
2025-04-04,09:19,75914.75,75939.3,75888.56,75891.87
2025-04-04,09:20,75898.92,75901.58,75808.81,75830.39
2025-04-04,15:25,75375.05,75389.6,75359.23,75366.99
2025-04-04,15:26,75367.6,75375.09,75352.11,75355.81
2025-04-04,15:27,75362.41,75382.15,75353.17,75376.69
2025-04-04,15:28,75380.37,75410.24,75367.61,75404.29
2025-04-04,15:29,75409.33,75420.57,75387.63,75405.27
2025-04-07,09:15,71449.94,72703.38,71425.01,72695.32
2025-04-07,09:16,72683.29,72904.76,72683.29,72815.23
2025-04-07,09:17,72836.96,72836.96,72465.51,72465.51
2025-04-07,09:18,72455.84,72456.46,72254.68,72281.88
2025-04-07,09:19,72308.89,72334.54,72157.93,72169.24
2025-04-07,09:20,72176.32,72193.87,72107.98,72128.17
2025-04-07,15:25,73350.76,73403.99,73344.35,73344.35
2025-04-07,15:26,73343.44,73351.21,73308.86,73343.5
2025-04-07,15:27,73344.75,73346.42,73307.27,73321.85
2025-04-07,15:28,73323.41,73370.05,73302.82,73363.72
2025-04-07,15:29,73356.05,73396.43,73321.86,73325.05
2025-04-08,09:15,74013.73,74421.65,73993.97,74330.45
2025-04-08,09:16,74327.37,74330.69,74241.07,74280.5
2025-04-08,09:17,74283.48,74354.37,74283.48,74324.68
2025-04-08,09:18,74323.64,74324.61,74215.55,74220.33
2025-04-08,09:19,74223.49,74267.28,74200.89,74264.6
2025-04-08,09:20,74266.46,74340.14,74266.46,74333.38
2025-04-08,15:25,74235.8,74249.77,74231.69,74241.03
2025-04-08,15:26,74240.09,74263.16,74229.98,74262.12
2025-04-08,15:27,74256.0,74284.32,74256.0,74278.96
2025-04-08,15:28,74277.56,74283.39,74259.86,74268.74
2025-04-08,15:29,74264.82,74294.9,74251.8,74273.58
2025-04-09,09:15,74103.83,74103.83,73673.06,73834.67
2025-04-09,09:16,73841.57,73930.21,73814.51,73856.38
2025-04-09,09:17,73844.7,73999.98,73844.02,73994.41
2025-04-09,09:18,73989.72,74010.03,73960.95,73969.31
2025-04-09,09:19,73966.84,73966.84,73888.38,73888.38
2025-04-09,09:20,73887.65,73953.98,73857.62,73953.98
2025-04-09,15:25,73857.79,73869.27,73849.78,73865.32
2025-04-09,15:26,73865.18,73868.15,73852.52,73862.8
2025-04-09,15:27,73865.62,73878.66,73846.6,73862.58
2025-04-09,15:28,73858.8,73886.52,73854.92,73870.92
2025-04-09,15:29,73874.54,73915.12,73866.43,73898.12
2025-04-11,09:15,74835.49,74994.68,74762.84,74825.66
2025-04-11,09:16,74806.51,74970.64,74797.73,74912.33
2025-04-11,09:17,74920.66,74958.55,74890.06,74948.2
2025-04-11,09:18,74954.91,75041.51,74954.91,75027.6
2025-04-11,09:19,75039.33,75039.38,74952.2,74979.01
2025-04-11,09:20,74978.5,75030.12,74975.74,75006.59
2025-04-11,15:25,75154.83,75178.88,75154.83,75171.41
2025-04-11,15:26,75157.41,75186.62,75155.66,75160.05
2025-04-11,15:27,75161.64,75186.94,75158.29,75179.71
2025-04-11,15:28,75183.2,75229.49,75183.2,75220.9
2025-04-11,15:29,75221.13,75233.89,75185.52,75227.74
2025-04-15,09:15,76852.06,76907.63,76435.07,76589.58
2025-04-15,09:16,76589.83,76691.99,76589.83,76603.81
2025-04-15,09:17,76615.9,76677.05,76608.12,76648.15
2025-04-15,09:18,76639.81,76670.93,76637.23,76655.21
2025-04-15,09:19,76647.94,76680.31,76639.0,76639.93
2025-04-15,09:20,76641.66,76725.52,76641.66,76725.18
2025-04-15,15:25,76778.34,76807.34,76774.98,76796.41
2025-04-15,15:26,76795.98,76823.34,76795.98,76812.9
2025-04-15,15:27,76811.31,76837.52,76800.31,76800.31
2025-04-15,15:28,76801.14,76825.65,76794.93,76822.32
2025-04-15,15:29,76819.42,76828.05,76763.93,76781.88
2025-04-16,09:15,76996.78,77000.63,76569.59,76643.2
2025-04-16,09:16,76624.03,76644.34,76606.03,76632.82
2025-04-16,09:17,76621.51,76648.25,76613.64,76621.36
2025-04-16,09:18,76606.32,76629.19,76590.72,76609.8
2025-04-16,09:19,76610.09,76636.0,76606.37,76607.19
2025-04-16,09:20,76609.41,76659.87,76607.86,76651.73
2025-04-16,15:25,77110.02,77110.23,77077.22,77080.26
2025-04-16,15:26,77085.33,77089.33,77061.58,77084.47
2025-04-16,15:27,77084.24,77095.43,77072.31,77073.3
2025-04-16,15:28,77074.87,77090.62,77063.19,77074.87
2025-04-16,15:29,77077.11,77077.5,77015.22,77022.45
2025-04-17,09:15,76968.02,76968.02,76822.3,76865.79
2025-04-17,09:16,76861.53,76904.11,76852.29,76878.44
2025-04-17,09:17,76879.68,76897.32,76854.32,76896.76
2025-04-17,09:18,76895.85,76910.71,76864.63,76864.63
2025-04-17,09:19,76858.22,76860.76,76817.87,76835.62
2025-04-17,09:20,76835.73,76837.26,76801.55,76837.07
2025-04-17,15:25,78547.27,78573.88,78547.27,78561.54
2025-04-17,15:26,78563.87,78591.85,78563.87,78583.05
2025-04-17,15:27,78579.22,78595.66,78553.68,78555.49
2025-04-17,15:28,78555.25,78555.25,78512.28,78532.22
2025-04-17,15:29,78528.82,78528.82,78484.12,78497.04
2025-04-21,09:15,78903.09,79081.36,78776.06,79061.13
2025-04-21,09:16,79068.7,79152.86,79068.7,79117.56
2025-04-21,09:17,79129.59,79138.01,79080.62,79101.96
2025-04-21,09:18,79097.99,79123.19,79024.33,79025.56
2025-04-21,09:19,79022.22,79037.0,78988.62,78997.62
2025-04-21,09:20,78988.11,79015.34,78971.39,78977.91
2025-04-21,15:25,79412.01,79427.68,79400.6,79415.95
2025-04-21,15:26,79414.03,79434.66,79402.82,79434.53
2025-04-21,15:27,79428.64,79433.11,79409.51,79409.97
2025-04-21,15:28,79405.53,79427.59,79395.02,79411.51
2025-04-21,15:29,79403.9,79422.3,79366.01,79366.01
2025-04-22,09:15,79728.39,79728.39,79455.19,79460.03
2025-04-22,09:16,79457.92,79503.0,79360.48,79369.32
2025-04-22,09:17,79366.87,79414.83,79332.72,79381.26
2025-04-22,09:18,79377.6,79399.06,79338.22,79350.06
2025-04-22,09:19,79346.14,79370.43,79300.77,79305.65
2025-04-22,09:20,79303.27,79306.05,79253.44,79302.49
2025-04-22,15:25,79593.74,79604.25,79589.33,79591.94
2025-04-22,15:26,79591.19,79593.39,79574.63,79576.07
2025-04-22,15:27,79583.98,79588.79,79569.43,79570.13
2025-04-22,15:28,79570.44,79582.76,79563.58,79579.59
2025-04-22,15:29,79570.3,79579.84,79468.84,79468.84
2025-04-23,09:15,80142.09,80254.55,80015.4,80032.67
2025-04-23,09:16,80042.56,80130.02,80042.56,80086.39
2025-04-23,09:17,80084.76,80134.41,80084.03,80124.15
2025-04-23,09:18,80126.18,80128.01,80083.73,80117.07
2025-04-23,09:19,80113.55,80116.96,80066.07,80095.47
2025-04-23,09:20,80092.49,80141.44,80072.16,80141.44
2025-04-23,15:25,80109.64,80121.57,80098.95,80098.95
2025-04-23,15:26,80099.16,80116.24,80096.83,80111.49
2025-04-23,15:27,80113.07,80120.36,80086.78,80095.19
2025-04-23,15:28,80099.69,80103.46,80073.54,80089.06
2025-04-23,15:29,80086.99,80098.13,79996.56,79996.56
2025-04-24,09:15,80058.43,80064.19,79874.48,79889.25
2025-04-24,09:16,79892.38,79967.79,79892.38,79929.56
2025-04-24,09:17,79930.12,79980.63,79917.06,79949.36
2025-04-24,09:18,79950.09,79985.61,79915.3,79983.17
2025-04-24,09:19,79989.18,79995.97,79969.42,79977.38
2025-04-24,09:20,79972.18,80016.02,79952.85,79992.11
2025-04-24,15:25,79806.45,79822.95,79794.48,79815.66
2025-04-24,15:26,79815.75,79827.91,79793.44,79793.44
2025-04-24,15:27,79797.78,79807.09,79782.79,79807.09
2025-04-24,15:28,79801.87,79807.22,79784.42,79805.25
2025-04-24,15:29,79799.06,79831.71,79773.23,79801.99
2025-04-25,09:15,79830.15,80089.89,79781.52,80063.45
2025-04-25,09:16,80046.38,80102.1,80031.36,80100.3
2025-04-25,09:17,80100.74,80130.66,80059.46,80090.96
2025-04-25,09:18,80085.41,80099.98,80054.9,80068.39
2025-04-25,09:19,80068.82,80068.82,79973.38,79992.91
2025-04-25,09:20,79995.91,80053.25,79974.9,79976.31
2025-04-25,15:25,79107.43,79125.87,79085.36,79102.82
2025-04-25,15:26,79103.21,79132.85,79096.4,79108.62
2025-04-25,15:27,79107.28,79115.31,79075.68,79111.66
2025-04-25,15:28,79114.78,79136.72,79088.97,79117.45
2025-04-25,15:29,79120.66,79125.78,79067.18,79093.17
2025-04-28,09:15,79343.63,79571.56,79341.35,79556.83
2025-04-28,09:16,79551.95,79588.4,79489.69,79588.4
2025-04-28,09:17,79583.36,79645.35,79562.84,79626.03
2025-04-28,09:18,79640.12,79668.58,79583.41,79593.63
2025-04-28,09:19,79582.66,79602.62,79565.71,79589.43
2025-04-28,09:20,79597.95,79627.38,79546.73,79546.73
2025-04-28,15:25,80218.87,80229.8,80197.15,80210.81
2025-04-28,15:26,80210.53,80234.5,80202.94,80208.35
2025-04-28,15:27,80203.61,80209.63,80190.12,80198.66
2025-04-28,15:28,80197.76,80207.57,80175.69,80200.41
2025-04-28,15:29,80196.43,80208.59,80144.3,80150.41
2025-04-29,09:15,80396.92,80520.35,80329.69,80520.35
2025-04-29,09:16,80524.34,80535.75,80488.7,80532.19
2025-04-29,09:17,80523.75,80544.61,80506.08,80518.88
2025-04-29,09:18,80522.6,80566.16,80518.13,80546.26
2025-04-29,09:19,80550.48,80603.24,80543.75,80586.33
2025-04-29,09:20,80591.17,80593.44,80539.63,80565.69
2025-04-29,15:25,80277.09,80291.17,80262.41,80291.17
2025-04-29,15:26,80295.8,80306.53,80267.64,80267.64
2025-04-29,15:27,80266.67,80278.67,80235.98,80239.86
2025-04-29,15:28,80248.63,80266.62,80215.54,80225.48
2025-04-29,15:29,80224.57,80290.64,80216.02,80241.71
2025-04-30,09:15,80370.8,80372.95,80055.87,80117.08
2025-04-30,09:16,80113.29,80167.71,80100.79,80123.19
2025-04-30,09:17,80111.35,80153.79,80095.53,80123.46
2025-04-30,09:18,80122.1,80168.35,80111.64,80159.62
2025-04-30,09:19,80162.51,80271.41,80162.51,80271.41
2025-04-30,09:20,80264.09,80274.62,80233.91,80257.78
2025-04-30,15:25,80161.82,80164.6,80114.62,80119.51
2025-04-30,15:26,80114.86,80116.22,80029.49,80032.56
2025-04-30,15:27,80032.26,80115.44,79879.15,80115.44
2025-04-30,15:28,80129.49,80146.46,80060.8,80060.8
2025-04-30,15:29,80066.67,80084.44,79989.67,80016.19
2025-05-02,09:15,80300.19,80726.15,80235.36,80686.27
2025-05-02,09:16,80708.84,80708.84,80624.89,80680.67
2025-05-02,09:17,80684.76,80743.05,80684.76,80725.75
2025-05-02,09:18,80726.72,80728.54,80669.37,80671.96
2025-05-02,09:19,80665.32,80690.69,80642.64,80642.64
2025-05-02,09:20,80645.86,80674.53,80638.12,80651.3
2025-05-02,15:25,80486.8,80486.8,80446.28,80446.28
2025-05-02,15:26,80451.39,80484.81,80451.25,80459.7
2025-05-02,15:27,80459.48,80467.21,80438.55,80438.55
2025-05-02,15:28,80430.85,80435.93,80406.85,80415.98
2025-05-02,15:29,80403.72,80419.37,80373.08,80379.79
2025-05-05,09:15,80661.62,80888.94,80657.71,80876.92
2025-05-05,09:16,80844.13,80850.29,80795.79,80839.32
2025-05-05,09:17,80836.11,80856.1,80808.89,80843.51
2025-05-05,09:18,80840.53,80840.53,80781.49,80835.92
2025-05-05,09:19,80845.77,80864.29,80804.97,80804.97
2025-05-05,09:20,80808.0,80846.65,80804.34,80830.43
2025-05-05,15:25,80837.91,80859.15,80833.07,80859.15
2025-05-05,15:26,80858.81,80859.5,80838.24,80839.53
2025-05-05,15:27,80839.95,80850.86,80833.77,80845.69
2025-05-05,15:28,80845.71,80849.79,80808.82,80829.38
2025-05-05,15:29,80821.79,80829.98,80800.04,80816.8
2025-05-06,09:15,80907.24,80981.58,80782.11,80800.55
2025-05-06,09:16,80800.13,80878.82,80800.13,80846.52
2025-05-06,09:17,80847.35,80867.89,80825.84,80840.43
2025-05-06,09:18,80836.42,80836.42,80770.36,80771.17
2025-05-06,09:19,80773.55,80786.57,80742.96,80784.59
2025-05-06,09:20,80778.68,80784.01,80706.8,80709.43
2025-05-06,15:25,80617.0,80648.3,80616.84,80628.91
2025-05-06,15:26,80625.46,80642.09,80610.94,80622.03
2025-05-06,15:27,80622.51,80631.07,80597.86,80597.86
2025-05-06,15:28,80596.89,80613.96,80564.82,80571.16
2025-05-06,15:29,80564.2,80564.94,80481.03,80487.55
2025-05-07,09:15,79948.8,80496.73,79937.48,80496.05
2025-05-07,09:16,80497.48,80587.21,80497.48,80532.09
2025-05-07,09:17,80540.37,80612.02,80522.92,80592.78
2025-05-07,09:18,80586.2,80631.33,80586.2,80611.53
2025-05-07,09:19,80609.82,80654.08,80594.3,80597.11
2025-05-07,09:20,80583.85,80621.36,80563.12,80617.01
2025-05-07,15:25,80729.99,80748.77,80729.99,80733.53
2025-05-07,15:26,80741.97,80763.57,80733.89,80761.56
2025-05-07,15:27,80761.08,80769.06,80745.71,80761.32
2025-05-07,15:28,80762.51,80772.36,80747.51,80757.06
2025-05-07,15:29,80749.43,80766.69,80718.92,80749.68
2025-05-08,09:15,80912.34,80927.99,80837.35,80877.89
2025-05-08,09:16,80845.95,80851.89,80806.09,80811.14
2025-05-08,09:17,80819.48,80840.92,80784.65,80793.25
2025-05-08,09:18,80792.67,80807.73,80759.5,80787.49
2025-05-08,09:19,80785.2,80785.2,80739.31,80761.84
2025-05-08,09:20,80755.22,80772.38,80735.67,80736.03
2025-05-08,15:25,80205.42,80226.26,80195.01,80204.25
2025-05-08,15:26,80208.25,80227.93,80196.83,80203.33
2025-05-08,15:27,80201.19,80208.42,80118.55,80119.54
2025-05-08,15:28,80116.21,80116.21,80044.82,80044.82
2025-05-08,15:29,80047.04,80055.31,79987.61,80003.84
2025-05-09,09:15,78968.34,79957.72,78968.34,79938.5
2025-05-09,09:16,79952.51,79979.75,79755.61,79771.29
2025-05-09,09:17,79787.64,79911.33,79779.78,79893.48
2025-05-09,09:18,79900.55,80032.93,79899.13,79944.4
2025-05-09,09:19,79921.89,79970.64,79878.75,79894.4
2025-05-09,09:20,79891.16,79978.14,79883.5,79953.62
2025-05-09,15:25,79487.46,79487.46,79456.75,79480.42
2025-05-09,15:26,79485.4,79574.15,79480.73,79569.05
2025-05-09,15:27,79567.71,79567.71,79515.17,79524.12
2025-05-09,15:28,79532.53,79550.2,79524.4,79530.81
2025-05-09,15:29,79537.94,79565.53,79516.51,79559.37
2025-05-12,09:15,80803.8,81125.51,80651.07,81124.66
2025-05-12,09:16,81137.21,81221.57,81137.21,81186.71
2025-05-12,09:17,81190.77,81248.2,81166.49,81235.74
2025-05-12,09:18,81232.14,81261.76,81220.15,81234.48
2025-05-12,09:19,81237.77,81266.8,81216.3,81262.3
2025-05-12,09:20,81256.88,81350.88,81256.88,81334.77
2025-05-12,15:25,82431.08,82438.01,82409.61,82411.03
2025-05-12,15:26,82409.04,82423.89,82389.9,82392.7
2025-05-12,15:27,82387.96,82419.57,82382.41,82419.57
2025-05-12,15:28,82422.29,82437.92,82391.37,82423.5
2025-05-12,15:29,82420.85,82425.3,82395.36,82404.81
2025-05-13,09:15,82249.6,82516.84,82128.17,82510.43
2025-05-13,09:16,82523.42,82572.81,82468.64,82532.39
2025-05-13,09:17,82535.88,82535.88,82413.41,82424.87
2025-05-13,09:18,82407.43,82407.43,82194.96,82194.96
2025-05-13,09:19,82190.05,82190.05,82104.57,82177.2
2025-05-13,09:20,82187.17,82216.92,82080.21,82125.8
2025-05-13,15:25,81087.28,81106.86,81082.49,81092.1
2025-05-13,15:26,81090.22,81124.15,81090.22,81120.71
2025-05-13,15:27,81121.54,81143.53,81109.75,81141.77
2025-05-13,15:28,81142.17,81171.52,81128.23,81157.88
2025-05-13,15:29,81154.2,81196.77,81150.87,81193.04
2025-05-14,09:15,81278.49,81429.65,81247.65,81297.88
2025-05-14,09:16,81300.58,81359.87,81184.89,81350.52
2025-05-14,09:17,81346.15,81409.75,81344.69,81402.47
2025-05-14,09:18,81405.5,81452.26,81370.32,81443.71
2025-05-14,09:19,81444.81,81494.19,81441.2,81455.71
2025-05-14,09:20,81452.19,81546.13,81440.75,81538.64
2025-05-14,15:25,81370.73,81403.67,81370.73,81400.34
2025-05-14,15:26,81392.89,81406.74,81382.03,81387.66
2025-05-14,15:27,81388.06,81437.55,81382.11,81417.65
2025-05-14,15:28,81416.06,81441.53,81404.93,81437.96
2025-05-14,15:29,81415.02,81432.0,81388.03,81414.41
2025-05-15,15:25,82519.6,82539.7,82506.23,82533.53
2025-05-15,15:26,82530.28,82535.08,82510.58,82511.75
2025-05-15,15:27,82508.9,82536.24,82508.9,82519.96
2025-05-15,15:28,82518.62,82523.05,82471.45,82472.8
2025-05-15,15:29,82471.43,82481.32,82436.52,82463.15
2025-05-16,09:15,82392.63,82450.1,82277.77,82280.17
2025-05-16,09:16,82282.09,82420.47,82282.09,82412.89
2025-05-16,09:17,82419.07,82433.72,82334.8,82387.43
2025-05-16,09:18,82387.38,82391.07,82324.95,82332.51
2025-05-16,09:19,82310.55,82325.77,82291.4,82291.4
2025-05-16,09:20,82285.43,82309.57,82230.51,82275.5
2025-05-16,15:25,82316.51,82340.77,82304.85,82326.68
2025-05-16,15:26,82323.02,82328.35,82297.19,82297.19
2025-05-16,15:27,82300.71,82312.68,82296.01,82306.17
2025-05-16,15:28,82306.93,82306.93,82274.08,82288.63
2025-05-16,15:29,82289.05,82302.19,82263.65,82299.5
2025-05-19,09:15,82354.92,82358.08,82116.0,82141.98
2025-05-19,09:16,82153.69,82224.94,82153.69,82215.94
2025-05-19,09:17,82215.53,82299.19,82214.99,82294.25
2025-05-19,09:18,82296.66,82376.93,82289.83,82376.02
2025-05-19,09:19,82368.97,82380.08,82325.51,82328.46
2025-05-19,09:20,82327.91,82345.55,82292.25,82292.25
2025-05-19,15:25,82064.41,82083.04,82059.61,82081.94
2025-05-19,15:26,82080.2,82090.71,82065.47,82067.15
2025-05-19,15:27,82063.72,82095.71,82063.61,82073.68
2025-05-19,15:28,82079.28,82079.28,82023.88,82050.39
2025-05-19,15:29,82038.26,82057.15,82019.43,82041.61
2025-05-20,09:15,82116.17,82250.42,82115.52,82201.2
2025-05-20,09:16,82196.35,82233.96,82179.08,82201.03
2025-05-20,09:17,82206.16,82208.96,82134.45,82145.82
2025-05-20,09:18,82143.15,82168.45,82123.83,82155.98
2025-05-20,09:19,82151.5,82193.84,82146.33,82190.19
2025-05-20,09:20,82185.81,82185.81,82102.17,82103.77
2025-05-20,15:25,81214.51,81262.49,81205.34,81257.74
2025-05-20,15:26,81257.21,81284.84,81257.18,81284.84
2025-05-20,15:27,81285.08,81295.4,81267.5,81281.11
2025-05-20,15:28,81281.9,81302.35,81263.82,81302.09
2025-05-20,15:29,81286.41,81292.71,81261.48,81272.85
2025-05-21,09:15,81327.61,81451.18,81327.61,81435.2
2025-05-21,09:16,81426.13,81454.12,81296.71,81300.13
2025-05-21,09:17,81294.73,81332.26,81284.37,81319.31
2025-05-21,09:18,81310.46,81331.29,81303.19,81304.3
2025-05-21,09:19,81307.44,81346.1,81297.27,81346.1
2025-05-21,09:20,81350.19,81395.0,81350.19,81385.85
2025-05-21,15:25,81542.73,81560.77,81534.6,81552.95
2025-05-21,15:26,81552.53,81566.98,81542.94,81553.65
2025-05-21,15:27,81553.46,81582.02,81552.93,81580.73
2025-05-21,15:28,81580.97,81582.82,81553.15,81560.93
2025-05-21,15:29,81569.86,81576.08,81549.96,81556.56
2025-05-22,09:15,81323.05,81323.24,81182.36,81248.22
2025-05-22,09:16,81242.93,81242.93,81168.45,81177.37
2025-05-22,09:17,81172.75,81172.75,81125.2,81135.81
2025-05-22,09:18,81132.62,81137.11,81018.33,81024.87
2025-05-22,09:19,81023.16,81083.74,81008.01,81067.34
2025-05-22,09:20,81063.6,81063.6,80958.76,80982.49
2025-05-22,15:25,80982.62,81020.67,80976.77,81014.01
2025-05-22,15:26,81015.57,81042.89,81011.42,81042.22
2025-05-22,15:27,81041.86,81041.86,81019.54,81029.81
2025-05-22,15:28,81028.13,81047.48,81028.13,81044.26
2025-05-22,15:29,81040.68,81042.46,81003.58,81009.61
2025-05-23,09:15,80897.0,81067.09,80897.0,81026.66
2025-05-23,09:16,81009.35,81016.44,80951.74,80994.62
2025-05-23,09:17,81000.99,81008.28,80963.46,80973.19
2025-05-23,09:18,80959.45,80980.88,80916.58,80936.01
2025-05-23,09:19,80930.49,80934.19,80904.08,80932.01
2025-05-23,09:20,80937.0,81088.39,80937.0,81048.86
2025-05-23,15:25,81726.38,81734.32,81723.6,81734.22
2025-05-23,15:26,81729.79,81735.69,81721.88,81723.8
2025-05-23,15:27,81723.87,81739.06,81721.83,81733.83
2025-05-23,15:28,81733.55,81740.34,81715.76,81719.51
2025-05-23,15:29,81718.7,81728.8,81686.45,81695.9
2025-05-26,09:15,81928.95,82200.19,81867.23,82167.19
2025-05-26,09:16,82168.3,82246.54,82162.58,82237.12
2025-05-26,09:17,82235.33,82283.39,82208.03,82224.62
2025-05-26,09:18,82219.28,82270.16,82197.46,82261.99
2025-05-26,09:19,82264.31,82264.31,82217.67,82235.27
2025-05-26,09:20,82237.55,82320.06,82237.55,82309.39
2025-05-26,15:25,82187.51,82199.14,82171.13,82198.53
2025-05-26,15:26,82194.41,82194.71,82164.13,82187.69
2025-05-26,15:27,82191.65,82201.37,82172.25,82182.8
2025-05-26,15:28,82186.41,82186.41,82167.25,82169.35
2025-05-26,15:29,82165.48,82184.54,82139.94,82184.54
2025-05-27,09:15,82038.2,82091.54,81795.36,81876.83
2025-05-27,09:16,81872.46,81872.46,81754.48,81772.52
2025-05-27,09:17,81774.26,81787.49,81743.87,81784.28
2025-05-27,09:18,81784.91,81785.05,81699.61,81699.61
2025-05-27,09:19,81704.97,81750.72,81704.97,81713.19
2025-05-27,09:20,81715.08,81715.08,81587.99,81640.96
2025-05-27,15:25,81526.63,81550.24,81512.21,81518.37
2025-05-27,15:26,81520.86,81569.43,81513.87,81543.19
2025-05-27,15:27,81541.79,81568.11,81524.1,81555.63
2025-05-27,15:28,81556.06,81584.41,81542.72,81564.15
2025-05-27,15:29,81570.17,81600.93,81567.0,81583.72
2025-05-28,09:15,81457.61,81608.18,81351.31,81438.31
2025-05-28,09:16,81464.76,81505.03,81436.83,81485.51
2025-05-28,09:17,81475.67,81475.67,81407.67,81420.62
2025-05-28,09:18,81420.41,81509.16,81393.89,81497.72
2025-05-28,09:19,81490.1,81505.6,81472.43,81472.43
2025-05-28,09:20,81474.93,81606.05,81474.93,81594.56
2025-05-28,15:25,81314.69,81335.81,81314.12,81334.43
2025-05-28,15:26,81329.05,81344.89,81325.5,81329.28
2025-05-28,15:27,81327.35,81336.78,81322.67,81330.73
2025-05-28,15:28,81328.35,81329.18,81300.77,81327.59
2025-05-28,15:29,81320.63,81350.22,81317.04,81347.89
2025-05-29,09:15,81591.03,81787.48,81530.44,81748.17
2025-05-29,09:16,81754.57,81816.89,81751.71,81788.73
2025-05-29,09:17,81794.89,81808.64,81739.55,81756.27
2025-05-29,09:18,81751.9,81775.35,81700.94,81714.46
2025-05-29,09:19,81715.68,81717.79,81658.68,81669.86
2025-05-29,09:20,81662.66,81709.81,81644.65,81688.42
2025-05-29,15:25,81709.94,81719.43,81690.14,81692.62
2025-05-29,15:26,81694.67,81749.69,81691.0,81736.73
2025-05-29,15:27,81743.86,81758.31,81731.11,81746.43
2025-05-29,15:28,81750.13,81795.98,81742.76,81790.32
2025-05-29,15:29,81791.66,81800.51,81773.61,81795.35
2025-05-30,09:15,81465.69,81685.63,81458.35,81538.11
2025-05-30,09:16,81538.69,81545.46,81487.11,81487.11
2025-05-30,09:17,81484.69,81506.64,81414.02,81426.61
2025-05-30,09:18,81432.27,81501.15,81422.68,81474.39
2025-05-30,09:19,81473.73,81512.88,81471.42,81485.1
2025-05-30,09:20,81481.71,81557.33,81481.71,81544.46
2025-05-30,15:25,81425.38,81428.33,81408.76,81426.25
2025-05-30,15:26,81424.4,81435.86,81412.71,81418.19
2025-05-30,15:27,81420.42,81430.82,81407.7,81421.01
2025-05-30,15:28,81425.7,81425.7,81374.97,81412.69
2025-05-30,15:29,81412.11,81435.41,81384.65,81405.85
2025-06-02,09:15,81214.42,81285.85,80908.93,80916.35
2025-06-02,09:16,80901.57,80901.57,80837.4,80866.99
2025-06-02,09:17,80861.97,80880.61,80825.93,80854.62
2025-06-02,09:18,80849.77,80870.71,80802.6,80839.23
2025-06-02,09:19,80836.99,80839.69,80757.89,80785.94
2025-06-02,09:20,80781.19,80781.19,80688.77,80734.7
2025-06-02,15:25,81301.09,81301.09,81242.36,81251.98
2025-06-02,15:26,81250.01,81250.01,81197.23,81202.28
2025-06-02,15:27,81203.28,81207.8,81184.68,81193.84
2025-06-02,15:28,81195.44,81259.67,81195.44,81255.63
2025-06-02,15:29,81256.9,81283.15,81240.53,81272.11
2025-06-03,09:15,81492.5,81774.23,81490.8,81642.69
2025-06-03,09:16,81647.02,81647.02,81372.98,81406.4
2025-06-03,09:17,81402.49,81402.49,81266.1,81381.59
2025-06-03,09:18,81378.91,81378.91,81226.1,81226.1
2025-06-03,09:19,81209.66,81296.48,81179.1,81283.91
2025-06-03,09:20,81262.15,81277.61,81182.04,81216.57
2025-06-03,15:25,80685.0,80737.72,80685.0,80723.65
2025-06-03,15:26,80725.67,80731.7,80705.48,80718.44
2025-06-03,15:27,80716.27,80717.81,80700.03,80705.16
2025-06-03,15:28,80705.06,80721.0,80688.98,80720.53
2025-06-03,15:29,80717.4,80724.11,80685.58,80703.29
2025-06-04,09:15,80777.65,80949.48,80746.4,80882.93
2025-06-04,09:16,80875.34,80932.05,80873.81,80918.98
2025-06-04,09:17,80916.35,80917.3,80859.61,80891.23
2025-06-04,09:18,80897.97,80967.68,80881.94,80921.33
2025-06-04,09:19,80920.53,80920.53,80806.61,80806.61
2025-06-04,09:20,80813.68,80867.25,80810.52,80853.56
2025-06-04,15:25,80959.33,80978.03,80944.55,80970.82
2025-06-04,15:26,80971.57,80995.98,80970.21,80978.07
2025-06-04,15:27,80977.72,80998.71,80977.72,80989.9
2025-06-04,15:28,80990.31,81009.73,80990.31,80994.18
2025-06-04,15:29,80995.66,81009.82,80963.55,80967.31
2025-06-05,09:15,81196.08,81212.41,81087.87,81128.83
2025-06-05,09:16,81130.36,81134.16,81038.25,81041.42
2025-06-05,09:17,81038.76,81044.6,81017.56,81037.02
2025-06-05,09:18,81036.71,81036.71,80983.73,81000.11
2025-06-05,09:19,81003.72,81037.31,81000.44,81018.2
2025-06-05,09:20,81018.41,81042.33,80989.24,81038.63
2025-06-05,15:25,81502.03,81503.55,81473.61,81487.67
2025-06-05,15:26,81488.08,81503.65,81484.92,81497.53
2025-06-05,15:27,81501.1,81510.62,81494.34,81500.04
2025-06-05,15:28,81500.46,81506.14,81478.4,81482.62
2025-06-05,15:29,81465.95,81482.09,81436.88,81442.19
2025-06-06,09:15,81434.24,81464.59,81318.28,81324.71
2025-06-06,09:16,81328.39,81354.87,81302.46,81304.58
2025-06-06,09:17,81303.52,81313.98,81282.11,81306.86
2025-06-06,09:18,81313.36,81323.88,81274.24,81301.75
2025-06-06,09:19,81299.25,81370.32,81297.3,81370.32
2025-06-06,09:20,81370.53,81375.55,81334.79,81366.49
2025-06-06,15:25,82190.56,82204.36,82175.06,82178.16
2025-06-06,15:26,82178.13,82191.27,82168.15,82183.31
2025-06-06,15:27,82182.56,82193.53,82180.36,82185.58
2025-06-06,15:28,82188.48,82196.56,82173.44,82174.42
2025-06-06,15:29,82182.72,82212.47,82152.66,82176.23
2025-06-09,09:15,82574.55,82669.0,82541.72,82568.96
2025-06-09,09:16,82578.98,82625.26,82578.98,82617.07
2025-06-09,09:17,82623.24,82654.75,82584.58,82612.82
2025-06-09,09:18,82608.5,82619.77,82570.43,82577.77
2025-06-09,09:19,82574.28,82577.77,82504.7,82524.65
2025-06-09,09:20,82513.4,82535.96,82499.1,82511.83
2025-06-09,15:25,82467.77,82468.5,82449.72,82460.6
2025-06-09,15:26,82462.91,82472.15,82448.75,82451.09
2025-06-09,15:27,82449.52,82463.11,82439.46,82449.56
2025-06-09,15:28,82441.92,82463.24,82439.67,82448.13
2025-06-09,15:29,82457.54,82471.9,82438.34,82463.36
2025-06-10,09:15,82643.73,82680.79,82531.1,82550.65
2025-06-10,09:16,82553.44,82582.54,82509.7,82509.7
2025-06-10,09:17,82494.84,82495.89,82445.11,82463.1
2025-06-10,09:18,82458.43,82478.38,82449.65,82478.38
2025-06-10,09:19,82478.9,82499.45,82456.86,82468.89
2025-06-10,09:20,82470.62,82472.97,82445.76,82445.76
2025-06-10,15:25,82385.11,82387.23,82369.55,82386.56
2025-06-10,15:26,82387.69,82388.03,82367.27,82370.74
2025-06-10,15:27,82369.8,82376.58,82355.32,82369.29
2025-06-10,15:28,82366.63,82378.55,82347.95,82364.72
2025-06-10,15:29,82360.36,82369.24,82325.12,82343.37
2025-06-11,09:15,82473.02,82474.83,82308.91,82405.9
2025-06-11,09:16,82399.22,82453.73,82398.09,82433.76
2025-06-11,09:17,82430.57,82478.14,82412.27,82471.78
2025-06-11,09:18,82466.84,82493.75,82455.82,82466.65
2025-06-11,09:19,82469.48,82482.33,82442.64,82482.33
2025-06-11,09:20,82482.12,82509.83,82478.29,82492.84
2025-06-11,15:25,82494.2,82497.86,82483.64,82487.96
2025-06-11,15:26,82475.4,82495.1,82473.8,82482.81
2025-06-11,15:27,82474.75,82494.12,82468.46,82474.44
2025-06-11,15:28,82477.25,82494.02,82468.46,82477.25
2025-06-11,15:29,82470.02,82493.99,82450.56,82450.56
2025-06-12,09:15,82571.67,82586.16,82411.54,82446.71
2025-06-12,09:16,82448.77,82500.45,82447.2,82479.31
2025-06-12,09:17,82484.01,82547.22,82483.35,82547.22
2025-06-12,09:18,82554.24,82576.91,82538.95,82563.02
2025-06-12,09:19,82563.86,82579.02,82555.68,82573.21
2025-06-12,09:20,82571.71,82596.95,82563.63,82591.26
2025-06-12,15:25,81664.43,81687.63,81660.45,81675.11
2025-06-12,15:26,81672.86,81675.0,81645.71,81647.73
2025-06-12,15:27,81644.86,81652.8,81627.16,81627.16
2025-06-12,15:28,81628.78,81644.87,81623.13,81639.25
2025-06-12,15:29,81627.9,81649.46,81609.98,81646.79
2025-06-13,09:15,80427.81,80758.08,80354.59,80582.51
2025-06-13,09:16,80577.54,80617.6,80521.84,80608.21
2025-06-13,09:17,80617.43,80754.0,80617.43,80712.49
2025-06-13,09:18,80722.89,80785.22,80722.89,80771.09
2025-06-13,09:19,80772.01,80813.42,80739.39,80764.34
2025-06-13,09:20,80763.6,80815.03,80749.5,80802.92
2025-06-13,15:25,81132.15,81155.35,81113.27,81153.61
2025-06-13,15:26,81149.36,81171.8,81146.68,81170.8
2025-06-13,15:27,81171.82,81192.13,81168.54,81176.3
2025-06-13,15:28,81180.0,81182.24,81155.26,81176.0
2025-06-13,15:29,81176.41,81188.01,81134.7,81162.47
2025-06-16,09:15,81034.45,81281.31,81012.31,81258.88
2025-06-16,09:16,81265.03,81335.2,81265.03,81327.03
2025-06-16,09:17,81327.65,81376.97,81325.15,81368.63
2025-06-16,09:18,81367.47,81376.99,81330.47,81335.87
2025-06-16,09:19,81338.39,81338.39,81295.05,81315.27
2025-06-16,09:20,81314.73,81380.87,81304.81,81372.46
2025-06-16,15:25,81766.05,81788.44,81765.84,81788.44
2025-06-16,15:26,81787.46,81811.14,81772.77,81811.14
2025-06-16,15:27,81811.63,81823.82,81802.98,81809.69
2025-06-16,15:28,81810.15,81810.77,81779.03,81786.78
2025-06-16,15:29,81787.1,81805.76,81774.14,81774.26
2025-06-17,09:15,81869.47,81890.15,81669.13,81734.57
2025-06-17,09:16,81717.67,81817.95,81713.81,81817.95
2025-06-17,09:17,81823.52,81883.86,81810.81,81868.05
2025-06-17,09:18,81868.93,81868.93,81706.15,81706.15
2025-06-17,09:19,81707.83,81707.83,81652.15,81655.24
2025-06-17,09:20,81654.67,81679.42,81628.85,81673.06
2025-06-17,15:25,81546.07,81574.99,81536.09,81538.68
2025-06-17,15:26,81537.33,81560.82,81524.69,81535.91
2025-06-17,15:27,81535.53,81546.27,81518.72,81536.26
2025-06-17,15:28,81537.94,81557.32,81510.43,81526.52
2025-06-17,15:29,81541.1,81556.59,81517.06,81534.81
2025-06-18,09:15,81314.62,81387.23,81304.1,81363.23
2025-06-18,09:16,81363.67,81484.72,81359.36,81473.39
2025-06-18,09:17,81472.29,81519.03,81457.5,81486.36
2025-06-18,09:18,81486.88,81521.67,81475.36,81504.85
2025-06-18,09:19,81498.66,81511.18,81487.59,81506.21
2025-06-18,09:20,81508.22,81566.79,81495.56,81566.79
2025-06-18,15:25,81428.09,81441.63,81427.31,81437.14
2025-06-18,15:26,81437.95,81437.95,81412.68,81431.7
2025-06-18,15:27,81429.83,81456.64,81424.68,81454.64
2025-06-18,15:28,81451.61,81459.69,81415.8,81426.43
2025-06-18,15:29,81422.2,81454.18,81417.08,81429.58
2025-06-19,09:15,81403.94,81422.95,81273.64,81319.1
2025-06-19,09:16,81329.75,81435.44,81326.09,81408.46
2025-06-19,09:17,81410.96,81423.05,81340.35,81378.83
2025-06-19,09:18,81378.52,81378.61,81276.31,81276.31
2025-06-19,09:19,81261.98,81263.09,81223.57,81245.22
2025-06-19,09:20,81243.68,81243.68,81191.04,81237.02
2025-06-19,15:25,81338.52,81342.9,81310.21,81319.9
2025-06-19,15:26,81317.31,81318.61,81298.03,81298.03
2025-06-19,15:27,81297.68,81313.11,81259.21,81259.79
2025-06-19,15:28,81260.04,81279.49,81256.39,81259.74
2025-06-19,15:29,81255.48,81276.77,81240.12,81240.12
2025-06-20,09:15,81354.85,81628.27,81323.2,81626.81
2025-06-20,09:16,81629.79,81631.64,81572.99,81604.62
2025-06-20,09:17,81602.29,81643.32,81602.29,81622.65
2025-06-20,09:18,81623.69,81651.3,81618.59,81632.34
2025-06-20,09:19,81636.49,81636.49,81604.36,81619.91
2025-06-20,09:20,81619.03,81644.38,81605.93,81617.11
2025-06-20,15:25,82430.9,82443.64,82400.89,82443.64
2025-06-20,15:26,82444.1,82444.1,82402.16,82409.75
2025-06-20,15:27,82409.96,82494.49,82408.34,82485.37
2025-06-20,15:28,82486.61,82488.27,82415.09,82415.09
2025-06-20,15:29,82410.74,82421.81,82299.72,82323.37
2025-06-23,09:15,81704.07,81984.44,81702.52,81907.58
2025-06-23,09:16,81919.25,81928.38,81888.46,81915.4
2025-06-23,09:17,81919.16,81919.16,81811.74,81817.21
2025-06-23,09:18,81821.97,81833.3,81807.76,81818.21
2025-06-23,09:19,81814.58,81814.58,81781.94,81796.84
2025-06-23,09:20,81792.88,81792.88,81740.32,81776.4
2025-06-23,15:25,81867.33,81892.45,81864.3,81884.73
2025-06-23,15:26,81885.41,81887.77,81868.15,81875.2
2025-06-23,15:27,81874.18,81874.18,81840.51,81840.51
2025-06-23,15:28,81835.32,81855.38,81827.56,81839.23
2025-06-23,15:29,81844.25,81862.01,81824.92,81860.73
2025-06-24,09:15,82534.61,82726.15,82492.5,82718.39
2025-06-24,09:16,82714.27,82827.49,82714.27,82786.27
2025-06-24,09:17,82777.34,82810.81,82761.24,82770.58
2025-06-24,09:18,82769.46,82784.07,82735.62,82773.85
2025-06-24,09:19,82770.94,82785.98,82753.72,82775.86
2025-06-24,09:20,82779.45,82827.59,82775.28,82811.59
2025-06-24,15:25,82147.86,82150.39,82135.32,82137.54
2025-06-24,15:26,82136.95,82167.58,82133.23,82166.85
2025-06-24,15:27,82162.94,82173.65,82149.44,82163.77
2025-06-24,15:28,82169.32,82201.47,82155.72,82183.51
2025-06-24,15:29,82178.36,82198.37,82156.28,82160.94
2025-06-25,09:15,82448.8,82481.9,82400.82,82424.43
2025-06-25,09:16,82420.66,82420.66,82339.57,82356.1
2025-06-25,09:17,82360.31,82447.58,82346.0,82445.25
2025-06-25,09:18,82441.19,82452.1,82421.13,82422.1
2025-06-25,09:19,82424.26,82457.35,82417.32,82440.59
2025-06-25,09:20,82439.63,82464.96,82439.34,82464.96
2025-06-25,15:25,82746.81,82748.23,82726.27,82729.78
2025-06-25,15:26,82726.87,82736.44,82712.2,82732.04
2025-06-25,15:27,82746.15,82758.75,82734.8,82739.47
2025-06-25,15:28,82739.2,82746.52,82732.54,82746.52
2025-06-25,15:29,82741.71,82746.56,82712.0,82734.7
2025-06-26,09:15,82882.92,82914.12,82816.26,82844.31
2025-06-26,09:16,82848.57,82909.37,82847.61,82909.37
2025-06-26,09:17,82903.67,82918.78,82898.28,82914.92
2025-06-26,09:18,82912.91,82912.91,82870.49,82878.72
2025-06-26,09:19,82877.5,82879.65,82848.84,82852.45
2025-06-26,09:20,82853.61,82932.14,82851.45,82931.76
2025-06-26,15:25,83736.0,83781.3,83736.0,83759.56
2025-06-26,15:26,83759.72,83764.47,83734.89,83734.89
2025-06-26,15:27,83731.33,83741.64,83722.13,83733.24
2025-06-26,15:28,83730.7,83747.59,83709.46,83713.27
2025-06-26,15:29,83703.75,83729.57,83682.11,83708.93
2025-06-27,09:15,83774.45,83985.09,83682.41,83970.0
2025-06-27,09:16,83972.56,83974.66,83882.08,83890.38
2025-06-27,09:17,83885.14,83916.18,83852.39,83876.26
2025-06-27,09:18,83878.19,83919.19,83851.39,83907.82
2025-06-27,09:19,83905.83,83912.62,83874.13,83898.07
2025-06-27,09:20,83902.17,83902.17,83854.8,83874.8
2025-06-27,15:25,84049.99,84058.85,84036.35,84052.13
2025-06-27,15:26,84051.46,84060.68,84015.54,84029.22
2025-06-27,15:27,84027.69,84039.93,84012.27,84024.71
2025-06-27,15:28,84023.65,84041.32,84006.12,84012.1
2025-06-27,15:29,84012.86,84040.58,83994.81,84032.02
2025-06-30,09:15,84027.33,84099.53,83989.61,83991.86
2025-06-30,09:16,83995.42,84010.86,83956.68,83964.81
2025-06-30,09:17,83961.79,83969.93,83918.54,83918.54
2025-06-30,09:18,83908.14,83944.35,83876.13,83883.24
2025-06-30,09:19,83883.2,83925.4,83879.97,83924.5
2025-06-30,09:20,83924.83,83939.48,83914.21,83923.56
2025-06-30,15:25,83624.91,83626.9,83597.54,83608.44
2025-06-30,15:26,83609.34,83621.71,83595.59,83620.74
2025-06-30,15:27,83617.83,83626.31,83593.17,83597.21
2025-06-30,15:28,83589.03,83611.1,83589.03,83602.93
2025-06-30,15:29,83608.34,83634.8,83582.45,83597.98
2025-07-01,09:15,83685.66,83784.25,83621.52,83627.51
2025-07-01,09:16,83631.94,83660.9,83603.75,83624.92
2025-07-01,09:17,83620.4,83672.84,83597.51,83661.72
2025-07-01,09:18,83664.43,83701.3,83664.43,83687.11
2025-07-01,09:19,83686.66,83696.33,83667.91,83685.49
2025-07-01,09:20,83681.6,83735.15,83681.6,83709.76
2025-07-01,15:25,83678.56,83710.1,83675.86,83696.93
2025-07-01,15:26,83696.86,83705.6,83677.94,83679.01
2025-07-01,15:27,83681.38,83688.1,83661.55,83664.37
2025-07-01,15:28,83666.59,83666.6,83639.57,83654.16
2025-07-01,15:29,83644.59,83664.13,83618.33,83640.88
2025-07-02,09:15,83790.72,83917.6,83784.19,83896.87
2025-07-02,09:16,83884.83,83909.95,83870.52,83906.53
2025-07-02,09:17,83904.83,83932.03,83896.11,83915.87
2025-07-02,09:18,83905.54,83933.85,83880.97,83906.96
2025-07-02,09:19,83910.05,83919.57,83893.44,83894.23
2025-07-02,09:20,83895.71,83895.95,83871.0,83895.35
2025-07-02,15:25,83395.56,83410.64,83391.76,83404.88
2025-07-02,15:26,83402.35,83411.92,83396.22,83406.91
2025-07-02,15:27,83409.84,83414.67,83397.53,83414.67
2025-07-02,15:28,83417.08,83417.08,83387.8,83406.85
2025-07-02,15:29,83399.23,83416.38,83381.61,83390.26
2025-07-03,09:15,83540.74,83652.52,83518.52,83550.22
2025-07-03,09:16,83536.75,83602.77,83536.75,83602.77
2025-07-03,09:17,83605.42,83621.05,83574.28,83606.65
2025-07-03,09:18,83607.74,83640.15,83604.85,83634.09
2025-07-03,09:19,83631.52,83645.5,83612.48,83645.5
2025-07-03,09:20,83646.2,83689.05,83644.41,83675.44
2025-07-03,15:25,83235.16,83236.88,83212.48,83224.27
2025-07-03,15:26,83224.45,83224.96,83200.3,83210.99
2025-07-03,15:27,83204.59,83230.52,83194.85,83230.52
2025-07-03,15:28,83231.51,83248.19,83208.67,83219.84
2025-07-03,15:29,83212.54,83258.93,83212.33,83257.05
2025-07-04,09:15,83306.81,83441.95,83266.22,83353.06
2025-07-04,09:16,83347.04,83382.65,83293.79,83330.22
2025-07-04,09:17,83323.71,83363.2,83323.71,83345.73
2025-07-04,09:18,83342.13,83365.01,83290.04,83304.87
2025-07-04,09:19,83307.75,83319.11,83266.01,83285.93
2025-07-04,09:20,83287.32,83292.95,83251.43,83284.36
2025-07-04,15:25,83446.52,83450.09,83437.86,83441.93
2025-07-04,15:26,83440.68,83458.3,83430.72,83457.84
2025-07-04,15:27,83457.11,83471.48,83443.01,83465.03
2025-07-04,15:28,83470.24,83475.45,83447.92,83462.74
2025-07-04,15:29,83455.94,83477.86,83439.34,83467.81
2025-07-07,09:15,83398.08,83449.38,83317.63,83323.77
2025-07-07,09:16,83322.59,83326.7,83262.23,83322.47
2025-07-07,09:17,83321.54,83360.35,83321.54,83343.1
2025-07-07,09:18,83344.82,83344.82,83295.12,83320.21
2025-07-07,09:19,83313.85,83367.96,83307.13,83367.96
2025-07-07,09:20,83365.44,83410.41,83364.14,83400.91
2025-07-07,15:25,83442.29,83451.97,83434.52,83451.91
2025-07-07,15:26,83452.32,83476.56,83452.32,83474.42
2025-07-07,15:27,83476.41,83476.92,83458.3,83463.08
2025-07-07,15:28,83463.61,83468.09,83436.0,83442.72
2025-07-07,15:29,83434.94,83454.63,83407.19,83407.19
2025-07-08,09:15,83387.03,83405.34,83336.82,83387.69
2025-07-08,09:16,83388.29,83389.76,83320.95,83389.76
2025-07-08,09:17,83382.8,83467.1,83369.39,83451.87
2025-07-08,09:18,83450.79,83450.79,83402.47,83431.57
2025-07-08,09:19,83427.17,83438.92,83414.7,83430.92
2025-07-08,09:20,83433.31,83482.66,83433.11,83463.22
2025-07-08,15:25,83673.95,83767.52,83671.21,83752.99
2025-07-08,15:26,83749.62,83772.86,83725.88,83730.13
2025-07-08,15:27,83733.54,83734.36,83692.09,83710.98
2025-07-08,15:28,83714.94,83714.94,83689.9,83700.35
2025-07-08,15:29,83696.47,83720.86,83693.56,83708.94
2025-07-09,09:15,83625.89,83697.83,83601.07,83640.88
2025-07-09,09:16,83632.39,83632.39,83574.03,83580.43
2025-07-09,09:17,83581.55,83590.53,83555.54,83569.28
2025-07-09,09:18,83574.36,83620.04,83569.18,83600.87
2025-07-09,09:19,83592.45,83592.7,83561.94,83581.2
2025-07-09,09:20,83582.54,83583.93,83542.09,83577.1
2025-07-09,15:25,83544.36,83561.61,83543.26,83558.98
2025-07-09,15:26,83559.31,83559.31,83544.38,83548.94
2025-07-09,15:27,83550.99,83567.67,83544.85,83548.91
2025-07-09,15:28,83549.17,83557.98,83532.83,83532.83
2025-07-09,15:29,83534.1,83543.7,83504.47,83516.96
2025-07-10,09:15,83658.2,83742.28,83568.34,83582.6
2025-07-10,09:16,83575.56,83586.31,83540.48,83574.59
2025-07-10,09:17,83568.19,83632.26,83544.76,83625.06
2025-07-10,09:18,83619.51,83622.88,83544.71,83548.93
2025-07-10,09:19,83549.68,83566.0,83523.65,83527.7
2025-07-10,09:20,83525.42,83525.42,83479.92,83492.39
2025-07-10,15:25,83150.84,83164.25,83148.06,83160.93
2025-07-10,15:26,83160.37,83171.53,83156.51,83167.58
2025-07-10,15:27,83151.47,83178.65,83134.97,83178.65
2025-07-10,15:28,83181.98,83198.15,83169.48,83176.56
2025-07-10,15:29,83169.81,83183.11,83140.45,83152.18
2025-07-11,09:15,82820.76,82923.3,82791.83,82845.56
2025-07-11,09:16,82848.5,82937.38,82839.49,82924.87
2025-07-11,09:17,82924.58,82929.67,82883.02,82929.67
2025-07-11,09:18,82921.31,82956.83,82913.26,82944.5
2025-07-11,09:19,82942.98,82960.33,82925.5,82925.6
2025-07-11,09:20,82923.95,82969.86,82909.79,82969.86
2025-07-11,15:25,82488.09,82497.48,82477.68,82494.93
2025-07-11,15:26,82492.44,82503.86,82457.93,82467.34
2025-07-11,15:27,82467.82,82475.53,82456.77,82461.89
2025-07-11,15:28,82464.56,82473.94,82448.68,82456.08
2025-07-11,15:29,82454.0,82478.75,82442.25,82457.61
2025-07-14,15:25,82271.53,82283.59,82266.78,82281.26
2025-07-14,15:26,82280.02,82288.74,82271.52,82275.69
2025-07-14,15:27,82277.9,82283.73,82265.98,82266.68
2025-07-14,15:28,82271.18,82276.69,82235.31,82235.31
2025-07-14,15:29,82227.88,82286.46,82227.88,82251.49
2025-07-15,09:15,82233.16,82457.41,82221.74,82453.04
2025-07-15,09:16,82451.15,82451.79,82409.66,82418.18
2025-07-15,09:17,82416.15,82416.15,82367.7,82375.69
2025-07-15,09:18,82376.27,82391.95,82359.47,82391.95
2025-07-15,09:19,82390.53,82423.45,82384.01,82409.33
2025-07-15,09:20,82412.7,82423.97,82396.01,82423.97
2025-07-15,15:25,82642.33,82666.93,82633.2,82637.4
2025-07-15,15:26,82637.09,82656.23,82631.28,82646.34
2025-07-15,15:27,82647.02,82659.9,82644.56,82659.3
2025-07-15,15:28,82658.22,82658.22,82616.58,82624.29
2025-07-15,15:29,82617.42,82642.85,82610.53,82616.43
2025-07-16,09:15,82534.66,82634.96,82488.16,82514.17
2025-07-16,09:16,82520.66,82580.28,82508.46,82566.01
2025-07-16,09:17,82560.89,82560.89,82481.89,82542.0
2025-07-16,09:18,82539.73,82539.73,82485.89,82505.69
2025-07-16,09:19,82506.82,82507.54,82467.75,82471.53
2025-07-16,09:20,82471.8,82480.95,82434.06,82465.93
2025-07-16,15:25,82603.26,82632.71,82602.13,82628.73
2025-07-16,15:26,82628.46,82638.57,82623.58,82631.15
2025-07-16,15:27,82629.75,82637.98,82615.86,82619.24
2025-07-16,15:28,82615.53,82628.03,82592.03,82628.03
2025-07-16,15:29,82622.8,82635.5,82588.96,82623.88
2025-07-17,09:15,82753.53,82757.09,82602.3,82675.59
2025-07-17,09:16,82662.63,82662.63,82614.92,82627.62
2025-07-17,09:17,82633.16,82662.31,82627.39,82660.77
2025-07-17,09:18,82660.2,82690.87,82652.45,82683.32
2025-07-17,09:19,82681.39,82688.13,82643.28,82644.28
2025-07-17,09:20,82635.87,82654.01,82596.91,82605.81
2025-07-17,15:25,82264.35,82274.5,82261.05,82264.63
2025-07-17,15:26,82262.33,82277.03,82260.2,82274.58
2025-07-17,15:27,82274.46,82285.84,82255.49,82283.09
2025-07-17,15:28,82289.71,82306.07,82278.15,82287.55
2025-07-17,15:29,82284.28,82298.75,82263.25,82271.45
2025-07-18,09:15,82193.62,82334.75,82180.45,82223.88
2025-07-18,09:16,82222.96,82231.09,82145.47,82195.38
2025-07-18,09:17,82190.75,82190.75,82134.19,82168.83
2025-07-18,09:18,82149.62,82164.37,82131.48,82157.74
2025-07-18,09:19,82165.2,82166.83,82129.04,82136.92
2025-07-18,09:20,82138.63,82161.19,82136.64,82150.33
2025-07-18,15:25,81775.11,81793.08,81769.3,81772.28
2025-07-18,15:26,81773.63,81797.18,81772.35,81792.15
2025-07-18,15:27,81787.04,81796.27,81765.76,81770.67
2025-07-18,15:28,81772.92,81789.36,81758.8,81775.01
2025-07-18,15:29,81773.01,81785.34,81740.09,81740.09
2025-07-21,09:15,81918.53,81971.15,81751.27,81761.19
2025-07-21,09:16,81760.88,81793.93,81731.74,81752.4
2025-07-21,09:17,81742.53,81806.27,81742.53,81801.84
2025-07-21,09:18,81802.02,81811.87,81772.38,81791.73
2025-07-21,09:19,81797.67,81801.01,81750.74,81762.44
2025-07-21,09:20,81755.24,81760.2,81707.19,81711.48
2025-07-21,15:25,82231.19,82244.55,82221.82,82241.54
2025-07-21,15:26,82242.14,82247.74,82233.07,82247.74
2025-07-21,15:27,82248.51,82261.58,82240.61,82241.73
2025-07-21,15:28,82238.73,82241.29,82215.58,82228.74
2025-07-21,15:29,82218.92,82245.56,82209.03,82245.56
2025-07-22,09:15,82527.43,82538.17,82362.69,82422.24
2025-07-22,09:16,82420.27,82484.04,82420.27,82449.31
2025-07-22,09:17,82464.26,82471.24,82445.52,82469.74
2025-07-22,09:18,82466.18,82466.18,82384.98,82406.88
2025-07-22,09:19,82407.96,82407.96,82345.88,82368.3
2025-07-22,09:20,82359.33,82359.33,82324.2,82331.97
2025-07-22,15:25,82204.76,82229.86,82200.55,82226.5
2025-07-22,15:26,82224.41,82229.46,82199.6,82208.48
2025-07-22,15:27,82207.31,82215.42,82202.11,82208.78
2025-07-22,15:28,82208.05,82208.51,82184.01,82189.99
2025-07-22,15:29,82187.09,82211.11,82180.05,82180.05
2025-07-23,09:15,82451.87,82471.65,82366.27,82455.55
2025-07-23,09:16,82459.18,82475.45,82426.91,82439.76
2025-07-23,09:17,82436.7,82436.7,82387.4,82401.75
2025-07-23,09:18,82405.87,82429.01,82387.55,82414.47
2025-07-23,09:19,82415.62,82441.31,82415.62,82423.63
2025-07-23,09:20,82422.67,82454.87,82422.36,82441.46
2025-07-23,15:25,82736.6,82738.69,82718.04,82733.09
2025-07-23,15:26,82734.11,82741.87,82712.73,82713.83
2025-07-23,15:27,82707.62,82737.81,82704.7,82715.89
2025-07-23,15:28,82716.24,82721.92,82677.92,82690.16
2025-07-23,15:29,82686.2,82713.09,82671.81,82680.58
2025-07-24,09:15,82779.95,82784.24,82676.94,82681.76
2025-07-24,09:16,82676.19,82712.83,82658.98,82673.31
2025-07-24,09:17,82675.39,82687.43,82635.09,82636.39
2025-07-24,09:18,82643.37,82661.41,82595.72,82626.22
2025-07-24,09:19,82626.38,82639.38,82600.23,82625.39
2025-07-24,09:20,82625.59,82650.66,82605.7,82649.01
2025-07-24,15:25,82172.34,82178.48,82160.82,82161.01
2025-07-24,15:26,82161.45,82182.04,82158.73,82170.83
2025-07-24,15:27,82176.39,82176.39,82145.8,82149.97
2025-07-24,15:28,82153.52,82184.35,82145.58,82164.44
2025-07-24,15:29,82157.11,82165.07,82129.77,82147.36
2025-07-25,09:15,82065.76,82069.51,81840.32,81882.62
2025-07-25,09:16,81879.5,81891.22,81834.65,81845.25
2025-07-25,09:17,81840.87,81850.3,81809.29,81825.88
2025-07-25,09:18,81827.77,81837.98,81789.24,81794.95
2025-07-25,09:19,81796.14,81806.81,81776.72,81794.87
2025-07-25,09:20,81790.92,81801.29,81760.55,81760.55
2025-07-25,15:25,81468.55,81479.04,81467.34,81467.95
2025-07-25,15:26,81467.4,81486.25,81460.21,81469.84
2025-07-25,15:27,81461.31,81466.05,81431.95,81460.62
2025-07-25,15:28,81461.52,81462.35,81431.33,81449.52
2025-07-25,15:29,81439.71,81465.99,81421.88,81451.94
2025-07-28,09:15,81299.97,81304.08,81170.57,81170.57
2025-07-28,09:16,81165.26,81171.7,81112.74,81122.15
2025-07-28,09:17,81130.46,81145.42,81093.51,81110.91
2025-07-28,09:18,81106.66,81170.14,81097.17,81153.36
2025-07-28,09:19,81156.91,81270.27,81156.91,81270.27
2025-07-28,09:20,81266.78,81283.24,81221.62,81255.73
2025-07-28,15:25,80882.9,80888.34,80870.78,80881.02
2025-07-28,15:26,80878.07,80892.13,80876.63,80886.03
2025-07-28,15:27,80888.75,80906.78,80883.48,80904.75
2025-07-28,15:28,80895.36,80916.97,80888.38,80907.04
2025-07-28,15:29,80894.37,80931.03,80868.66,80868.66
2025-07-29,09:15,80620.25,80787.55,80575.45,80725.74
2025-07-29,09:16,80723.02,80723.02,80675.58,80680.71
2025-07-29,09:17,80679.63,80756.28,80679.63,80752.18
2025-07-29,09:18,80764.17,80845.36,80759.48,80831.98
2025-07-29,09:19,80838.51,80902.62,80838.51,80897.12
2025-07-29,09:20,80889.48,80898.21,80771.04,80771.6
2025-07-29,15:25,81402.05,81408.21,81384.36,81384.66
2025-07-29,15:26,81373.32,81384.93,81364.32,81375.01
2025-07-29,15:27,81365.86,81378.25,81351.72,81370.95
2025-07-29,15:28,81367.68,81371.16,81331.51,81331.51
2025-07-29,15:29,81334.98,81346.25,81298.73,81303.0
2025-07-30,09:15,81594.52,81618.96,81351.59,81365.56
2025-07-30,09:16,81368.11,81376.46,81313.25,81368.03
2025-07-30,09:17,81364.64,81445.18,81363.74,81435.06
2025-07-30,09:18,81436.09,81459.66,81384.79,81459.66
2025-07-30,09:19,81462.93,81491.95,81448.81,81464.76
2025-07-30,09:20,81465.47,81483.87,81452.42,81452.42
2025-07-30,15:25,81455.43,81478.32,81454.0,81470.63
2025-07-30,15:26,81470.24,81472.24,81457.63,81464.5
2025-07-30,15:27,81465.73,81469.08,81447.44,81459.75
2025-07-30,15:28,81458.36,81480.11,81442.49,81456.11
2025-07-30,15:29,81456.61,81475.22,81439.41,81464.4
2025-07-31,09:15,80695.5,80973.67,80695.15,80955.22
2025-07-31,09:16,80955.2,80955.2,80871.14,80874.94
2025-07-31,09:17,80879.77,80879.77,80787.12,80840.57
2025-07-31,09:18,80832.97,80889.47,80827.71,80867.34
2025-07-31,09:19,80866.95,80916.57,80866.95,80915.88
2025-07-31,09:20,80912.64,81016.45,80889.74,80993.04
2025-07-31,15:25,81134.78,81153.05,81131.08,81137.91
2025-07-31,15:26,81136.28,81155.78,81123.36,81123.36
2025-07-31,15:27,81130.95,81141.15,81120.71,81124.02
2025-07-31,15:28,81132.62,81160.95,81125.09,81138.15
2025-07-31,15:29,81139.74,81200.27,81134.01,81198.28
2025-08-01,09:15,81074.41,81119.21,81004.33,81047.04
2025-08-01,09:16,81039.39,81065.16,80998.09,81010.78
2025-08-01,09:17,81002.46,81035.62,80968.99,81010.67
2025-08-01,09:18,81020.5,81030.39,80993.35,81007.33
2025-08-01,09:19,80998.58,81051.07,80998.58,81032.47
2025-08-01,09:20,81029.74,81062.39,80993.05,81062.39
2025-08-01,15:25,80581.08,80612.95,80574.81,80576.14
2025-08-01,15:26,80576.76,80585.68,80536.79,80538.97
2025-08-01,15:27,80537.29,80564.72,80535.52,80551.26
2025-08-01,15:28,80549.9,80593.03,80549.9,80586.36
2025-08-01,15:29,80586.31,80650.56,80580.94,80584.32
2025-08-04,09:15,80765.83,80785.77,80586.12,80742.76
2025-08-04,09:16,80744.51,80762.0,80716.52,80762.0
2025-08-04,09:17,80751.76,80786.52,80740.49,80746.81
2025-08-04,09:18,80747.36,80790.31,80731.27,80781.7
2025-08-04,09:19,80784.89,80826.09,80775.45,80811.55
2025-08-04,09:20,80828.43,80846.4,80766.58,80766.86
2025-08-04,15:25,81045.34,81048.26,81019.3,81033.24
2025-08-04,15:26,81034.4,81043.7,81018.19,81041.94
2025-08-04,15:27,81043.18,81052.55,81032.02,81051.97
2025-08-04,15:28,81051.36,81067.09,81037.7,81048.07
2025-08-04,15:29,81042.5,81064.88,81027.32,81042.94
2025-08-05,09:15,80946.43,81010.49,80864.94,80986.91
2025-08-05,09:16,81003.11,81003.11,80900.61,80904.36
2025-08-05,09:17,80903.26,80933.6,80880.19,80923.2
2025-08-05,09:18,80922.54,80922.54,80893.12,80909.25
2025-08-05,09:19,80918.83,80923.25,80816.48,80892.78
2025-08-05,09:20,80880.03,80901.93,80841.93,80894.75
2025-08-05,15:25,80735.42,80749.76,80719.51,80749.58
2025-08-05,15:26,80753.3,80758.24,80735.88,80753.26
2025-08-05,15:27,80753.01,80768.16,80742.19,80761.43
2025-08-05,15:28,80759.63,80778.81,80730.03,80761.44
2025-08-05,15:29,80762.08,80774.63,80729.42,80739.04
2025-08-06,09:15,80694.98,80795.59,80669.99,80725.2
2025-08-06,09:16,80722.07,80742.27,80690.99,80729.98
2025-08-06,09:17,80735.35,80735.36,80711.2,80729.29
2025-08-06,09:18,80728.21,80795.36,80728.21,80782.76
2025-08-06,09:19,80784.83,80784.83,80752.67,80758.28
2025-08-06,09:20,80762.33,80778.53,80741.92,80759.27
2025-08-06,15:25,80585.16,80594.73,80564.24,80574.22
2025-08-06,15:26,80574.37,80581.97,80566.57,80566.57
2025-08-06,15:27,80565.01,80576.97,80560.29,80575.65
2025-08-06,15:28,80571.79,80573.97,80547.48,80573.97
2025-08-06,15:29,80550.84,80557.17,80517.7,80553.92
2025-08-07,09:15,80262.98,80353.4,80208.28,80306.9
2025-08-07,09:16,80300.94,80324.48,80263.6,80291.45
2025-08-07,09:17,80289.85,80375.34,80289.85,80375.34
2025-08-07,09:18,80379.32,80406.72,80343.76,80366.66
2025-08-07,09:19,80368.7,80386.82,80347.97,80385.25
2025-08-07,09:20,80379.73,80381.9,80350.33,80358.93
2025-08-07,15:25,80709.56,80736.46,80703.72,80726.48
2025-08-07,15:26,80726.74,80737.55,80713.01,80724.41
2025-08-07,15:27,80718.96,80718.96,80695.41,80714.21
2025-08-07,15:28,80708.91,80710.17,80686.45,80699.94
2025-08-07,15:29,80703.94,80736.9,80681.63,80708.17
2025-08-08,09:15,80478.01,80506.22,80381.02,80489.8
2025-08-08,09:16,80482.77,80482.77,80426.0,80451.0
2025-08-08,09:17,80448.94,80495.43,80444.96,80495.43
2025-08-08,09:18,80491.49,80544.06,80490.52,80541.16
2025-08-08,09:19,80544.4,80550.4,80521.29,80523.42
2025-08-08,09:20,80519.67,80536.71,80489.47,80517.04
2025-08-08,15:25,79811.64,79845.64,79811.64,79829.64
2025-08-08,15:26,79830.6,79845.73,79821.32,79829.06
2025-08-08,15:27,79825.83,79829.14,79808.43,79813.04
2025-08-08,15:28,79815.37,79825.81,79805.07,79823.37
2025-08-08,15:29,79822.37,79851.78,79798.77,79837.24
2025-08-11,09:15,79885.36,79889.56,79772.46,79818.52
2025-08-11,09:16,79819.02,79883.52,79804.67,79873.75
2025-08-11,09:17,79873.73,79873.73,79831.27,79866.65
2025-08-11,09:18,79867.47,79924.92,79867.47,79912.83
2025-08-11,09:19,79923.34,79962.63,79923.34,79951.32
2025-08-11,09:20,79946.86,79990.02,79945.59,79986.09
2025-08-11,15:25,80553.83,80555.14,80531.46,80538.64
2025-08-11,15:26,80538.84,80541.99,80526.18,80535.96
2025-08-11,15:27,80534.37,80538.95,80504.99,80511.16
2025-08-11,15:28,80507.29,80507.29,80466.28,80482.64
2025-08-11,15:29,80482.51,80534.79,80461.54,80514.19
2025-08-12,09:15,80508.51,80523.21,80398.23,80439.15
2025-08-12,09:16,80428.47,80494.66,80421.36,80494.36
2025-08-12,09:17,80502.06,80520.15,80472.53,80517.25
2025-08-12,09:18,80521.44,80552.52,80506.66,80551.61
2025-08-12,09:19,80541.87,80563.48,80532.76,80551.57
2025-08-12,09:20,80549.33,80570.48,80535.54,80570.48
2025-08-12,15:25,80254.63,80277.57,80245.78,80255.79
2025-08-12,15:26,80254.08,80254.87,80227.74,80231.27
2025-08-12,15:27,80231.51,80234.64,80224.0,80234.64
2025-08-12,15:28,80233.13,80238.87,80212.67,80220.53
2025-08-12,15:29,80216.17,80268.14,80211.84,80268.14
2025-08-13,09:15,80492.17,80560.53,80487.68,80515.75
2025-08-13,09:16,80514.73,80562.11,80512.92,80554.0
2025-08-13,09:17,80554.5,80563.38,80533.45,80538.73
2025-08-13,09:18,80535.51,80552.67,80489.47,80491.51
2025-08-13,09:19,80492.71,80492.71,80439.5,80449.46
2025-08-13,09:20,80447.79,80470.17,80432.66,80432.66
2025-08-13,15:25,80537.99,80542.85,80524.05,80532.09
2025-08-13,15:26,80531.9,80559.76,80529.22,80547.22
2025-08-13,15:27,80544.26,80559.04,80539.7,80546.53
2025-08-13,15:28,80548.24,80575.88,80538.45,80555.66
2025-08-13,15:29,80549.38,80590.01,80542.73,80579.98
2025-08-14,09:15,80625.28,80693.98,80489.86,80624.45
2025-08-14,09:16,80613.44,80654.91,80593.73,80628.54
2025-08-14,09:17,80632.45,80665.81,80626.25,80656.9
2025-08-14,09:18,80652.54,80652.54,80618.62,80640.27
2025-08-14,09:19,80630.15,80637.88,80602.81,80602.81
2025-08-14,09:20,80603.25,80603.25,80545.75,80548.95
2025-08-14,15:25,80592.35,80594.47,80580.38,80588.26
2025-08-14,15:26,80587.42,80590.06,80573.35,80581.7
2025-08-14,15:27,80581.09,80581.09,80562.89,80562.89
2025-08-14,15:28,80559.12,80569.42,80537.51,80545.75
2025-08-14,15:29,80544.33,80565.93,80533.61,80547.36
2025-08-18,09:15,81315.79,81619.59,81315.79,81469.83
2025-08-18,09:16,81467.17,81542.2,81467.17,81503.0
2025-08-18,09:17,81503.93,81519.23,81484.63,81508.9
2025-08-18,09:18,81503.84,81572.67,81503.84,81563.13
2025-08-18,09:19,81562.07,81572.31,81543.27,81559.12
2025-08-18,09:20,81558.27,81587.78,81557.45,81573.61
2025-08-18,15:25,81269.87,81284.98,81259.23,81268.53
2025-08-18,15:26,81269.44,81288.25,81265.33,81276.79
2025-08-18,15:27,81265.27,81278.95,81259.77,81269.6
2025-08-18,15:28,81270.84,81299.92,81264.75,81299.92
2025-08-18,15:29,81302.02,81335.21,81270.36,81298.52
2025-08-19,09:15,81319.11,81449.91,81315.44,81354.8
2025-08-19,09:16,81368.92,81425.19,81354.47,81425.19
2025-08-19,09:17,81429.46,81465.64,81421.59,81429.47
2025-08-19,09:18,81424.31,81449.91,81416.18,81421.37
2025-08-19,09:19,81432.42,81439.5,81404.2,81420.38
2025-08-19,09:20,81413.19,81422.74,81359.67,81398.43
2025-08-19,15:25,81694.34,81694.34,81665.74,81670.49
2025-08-19,15:26,81669.74,81690.72,81663.92,81676.51
2025-08-19,15:27,81681.69,81689.75,81674.06,81680.33
2025-08-19,15:28,81676.64,81676.64,81657.17,81674.22
2025-08-19,15:29,81681.19,81706.98,81671.02,81706.93
2025-08-20,09:15,81671.47,81671.47,81534.13,81577.07
2025-08-20,09:16,81566.46,81566.46,81523.06,81554.35
2025-08-20,09:17,81554.69,81564.4,81527.61,81564.4
2025-08-20,09:18,81555.66,81555.66,81517.26,81538.3
2025-08-20,09:19,81531.67,81543.58,81520.55,81528.32
2025-08-20,09:20,81530.65,81530.65,81497.75,81504.21
2025-08-20,15:25,81849.91,81860.73,81841.54,81856.23
2025-08-20,15:26,81863.03,81863.03,81843.14,81857.22
2025-08-20,15:27,81863.85,81871.74,81840.82,81857.43
2025-08-20,15:28,81858.51,81866.15,81834.18,81850.8
2025-08-20,15:29,81844.57,81869.48,81830.96,81838.41
2025-08-21,09:15,82220.46,82231.17,82039.98,82051.04
2025-08-21,09:16,82043.62,82043.62,82012.16,82021.74
2025-08-21,09:17,82022.87,82026.66,81997.06,82005.18
2025-08-21,09:18,82007.36,82015.44,81987.93,81997.81
2025-08-21,09:19,81999.5,82016.28,81951.9,81953.59
2025-08-21,09:20,81957.65,81980.72,81957.63,81980.11
2025-08-21,15:25,81971.87,81992.3,81967.0,81970.13
2025-08-21,15:26,81971.13,81983.34,81967.83,81979.43
2025-08-21,15:27,81974.52,81990.55,81969.12,81983.02
2025-08-21,15:28,81980.63,82002.2,81973.36,81978.36
2025-08-21,15:29,81971.14,81996.69,81955.54,81981.29
2025-08-22,09:15,81951.48,81993.61,81864.43,81912.34
2025-08-22,09:16,81893.58,81906.5,81863.17,81863.52
2025-08-22,09:17,81857.8,81857.8,81797.35,81827.82
2025-08-22,09:18,81823.96,81842.03,81818.96,81825.51
2025-08-22,09:19,81819.66,81819.66,81795.55,81797.78
2025-08-22,09:20,81798.99,81804.13,81742.38,81761.78
2025-08-22,15:25,81302.12,81315.54,81298.27,81310.58
2025-08-22,15:26,81314.96,81318.31,81308.29,81311.59
2025-08-22,15:27,81309.06,81314.31,81302.53,81310.06
2025-08-22,15:28,81309.32,81313.19,81295.71,81302.62
2025-08-22,15:29,81298.4,81329.54,81293.09,81329.54
2025-08-25,09:15,81501.06,81592.47,81471.09,81534.54
2025-08-25,09:16,81532.34,81542.43,81453.89,81533.42
2025-08-25,09:17,81530.25,81555.86,81495.87,81528.01
2025-08-25,09:18,81527.72,81528.9,81479.71,81523.7
2025-08-25,09:19,81519.75,81530.78,81503.57,81517.2
2025-08-25,09:20,81516.42,81519.83,81487.04,81511.64
2025-08-25,15:25,81659.48,81667.67,81638.77,81638.77
2025-08-25,15:26,81641.34,81664.59,81636.07,81642.65
2025-08-25,15:27,81642.82,81659.69,81635.97,81654.96
2025-08-25,15:28,81656.35,81685.08,81656.35,81674.51
2025-08-25,15:29,81681.96,81681.96,81645.8,81667.03
2025-08-26,09:15,81377.39,81450.28,81247.68,81422.66
2025-08-26,09:16,81428.2,81428.2,81357.77,81372.08
2025-08-26,09:17,81362.19,81363.32,81297.69,81297.69
2025-08-26,09:18,81301.57,81301.57,81251.51,81254.91
2025-08-26,09:19,81249.4,81257.69,81230.04,81243.57
2025-08-26,09:20,81231.66,81231.66,81164.99,81183.95
2025-08-26,15:25,80749.31,80781.35,80747.58,80765.89
2025-08-26,15:26,80764.96,80779.54,80752.44,80767.1
2025-08-26,15:27,80771.67,80791.51,80767.08,80778.95
2025-08-26,15:28,80779.16,80795.2,80762.07,80779.1
2025-08-26,15:29,80774.27,80831.02,80762.63,80820.08
2025-08-28,09:15,80754.66,80775.71,80404.16,80416.2
2025-08-28,09:16,80421.98,80431.34,80303.63,80304.33
2025-08-28,09:17,80309.46,80349.97,80290.75,80303.37
2025-08-28,09:18,80297.3,80315.11,80285.99,80298.88
2025-08-28,09:19,80289.27,80323.85,80283.78,80319.32
2025-08-28,09:20,80320.17,80320.17,80278.38,80303.56
2025-08-28,15:25,80114.69,80144.62,80114.69,80116.89
2025-08-28,15:26,80113.31,80139.71,80113.31,80127.74
2025-08-28,15:27,80124.88,80139.12,80117.06,80130.67
2025-08-28,15:28,80130.22,80157.01,80121.28,80152.59
2025-08-28,15:29,80148.58,80214.95,80148.58,80204.43
2025-08-29,09:15,80010.83,80231.74,79944.67,80228.38
2025-08-29,09:16,80216.73,80240.78,80185.83,80232.71
2025-08-29,09:17,80230.38,80246.93,80203.14,80217.29
2025-08-29,09:18,80217.81,80277.68,80217.81,80225.38
2025-08-29,09:19,80226.63,80226.63,80091.35,80091.35
2025-08-29,09:20,80101.69,80164.8,80079.75,80164.8
2025-08-29,15:25,79771.78,79805.46,79771.78,79799.68
2025-08-29,15:26,79798.03,79800.6,79783.86,79785.24
2025-08-29,15:27,79782.39,79805.76,79782.39,79801.74
2025-08-29,15:28,79803.58,79819.19,79780.88,79802.15
2025-08-29,15:29,79802.71,79872.45,79802.71,79872.45
2025-09-01,09:15,79828.99,80070.31,79818.38,80058.45
2025-09-01,09:16,80076.36,80089.11,80024.01,80079.32
2025-09-01,09:17,80080.09,80104.56,80059.53,80091.01
2025-09-01,09:18,80094.34,80135.67,80094.34,80109.97
2025-09-01,09:19,80108.75,80134.52,80106.98,80117.41
2025-09-01,09:20,80117.7,80153.11,80117.7,80124.93
2025-09-01,15:25,80373.35,80387.79,80359.63,80364.6
2025-09-01,15:26,80365.97,80377.72,80350.89,80350.89
2025-09-01,15:27,80353.48,80379.71,80353.48,80372.63
2025-09-01,15:28,80370.79,80377.56,80346.89,80358.76
2025-09-01,15:29,80354.79,80385.71,80348.69,80376.71
2025-09-02,09:15,80520.09,80565.21,80419.53,80530.77
2025-09-02,09:16,80527.41,80571.94,80516.73,80555.25
2025-09-02,09:17,80552.47,80553.37,80477.1,80509.01
2025-09-02,09:18,80512.37,80533.88,80502.78,80526.93
2025-09-02,09:19,80524.31,80530.25,80495.02,80514.26
2025-09-02,09:20,80502.77,80514.31,80473.05,80474.79
2025-09-02,15:25,80149.76,80168.98,80146.12,80167.82
2025-09-02,15:26,80166.34,80166.34,80145.78,80155.1
2025-09-02,15:27,80155.73,80169.32,80153.95,80163.44
2025-09-02,15:28,80162.48,80164.96,80127.36,80135.66
2025-09-02,15:29,80136.64,80166.47,80131.51,80166.47
2025-09-03,09:15,80295.99,80317.62,80210.8,80260.54
2025-09-03,09:16,80258.04,80258.04,80182.87,80187.63
2025-09-03,09:17,80174.86,80180.3,80055.28,80058.5
2025-09-03,09:18,80052.68,80052.68,80004.6,80019.09
2025-09-03,09:19,80016.27,80036.76,80011.31,80030.3
2025-09-03,09:20,80037.48,80071.54,80033.14,80071.54
2025-09-03,15:25,80592.2,80598.08,80565.92,80565.92
2025-09-03,15:26,80564.54,80575.59,80560.38,80567.73
2025-09-03,15:27,80567.22,80594.89,80566.88,80578.63
2025-09-03,15:28,80581.79,80590.04,80560.09,80574.46
2025-09-03,15:29,80574.29,80576.24,80540.02,80546.89
2025-09-04,09:15,81456.67,81456.67,81063.31,81103.55
2025-09-04,09:16,81110.8,81172.01,81092.25,81092.25
2025-09-04,09:17,81087.14,81136.9,81050.8,81108.24
2025-09-04,09:18,81092.87,81133.69,81044.53,81119.51
2025-09-04,09:19,81110.71,81122.35,81081.45,81090.36
2025-09-04,09:20,81104.43,81108.07,81079.33,81092.93
2025-09-04,15:25,80764.28,80782.85,80757.59,80760.46
2025-09-04,15:26,80760.17,80771.23,80745.46,80745.46
2025-09-04,15:27,80742.36,80743.2,80713.18,80715.06
2025-09-04,15:28,80712.76,80732.25,80708.45,80728.01
2025-09-04,15:29,80724.76,80747.86,80698.36,80744.26
2025-09-05,09:15,81012.42,81036.56,80942.36,80975.06
2025-09-05,09:16,80973.11,81014.8,80940.87,80945.26
2025-09-05,09:17,80944.7,80951.74,80895.45,80946.56
2025-09-05,09:18,80952.43,80993.23,80940.28,80983.43
2025-09-05,09:19,80983.33,81019.39,80977.15,81018.89
2025-09-05,09:20,81018.47,81022.86,81004.98,81006.81
2025-09-05,15:25,80725.06,80739.88,80719.05,80738.39
2025-09-05,15:26,80737.55,80737.55,80701.51,80712.84
2025-09-05,15:27,80713.42,80719.78,80708.27,80708.9
2025-09-05,15:28,80701.87,80724.06,80694.84,80723.12
2025-09-05,15:29,80716.75,80752.53,80686.9,80745.22
2025-09-08,09:15,80904.4,81007.02,80877.27,80931.29
2025-09-08,09:16,80923.92,80941.3,80894.04,80926.41
2025-09-08,09:17,80924.6,80928.94,80888.02,80896.52
2025-09-08,09:18,80901.64,80924.05,80888.38,80918.65
2025-09-08,09:19,80916.8,80916.8,80864.08,80888.82
2025-09-08,09:20,80880.35,80885.63,80853.64,80881.47
2025-09-08,15:25,80835.33,80840.26,80820.85,80821.16
2025-09-08,15:26,80821.53,80823.65,80804.6,80804.6
2025-09-08,15:27,80802.36,80816.55,80796.45,80806.51
2025-09-08,15:28,80805.74,80825.0,80786.54,80796.86
2025-09-08,15:29,80796.13,80865.56,80796.13,80841.43
2025-09-09,09:15,81129.69,81154.17,81064.87,81097.6
2025-09-09,09:16,81090.21,81125.64,81044.63,81052.01
2025-09-09,09:17,81048.96,81076.71,81043.62,81068.59
2025-09-09,09:18,81069.75,81092.59,81033.85,81038.07
2025-09-09,09:19,81042.1,81073.42,81033.81,81066.33
2025-09-09,09:20,81066.71,81092.61,81060.09,81089.59
2025-09-09,15:25,81123.67,81142.85,81119.85,81130.15
2025-09-09,15:26,81130.77,81142.66,81130.77,81136.22
2025-09-09,15:27,81138.21,81140.28,81102.28,81105.17
2025-09-09,15:28,81103.72,81118.27,81087.68,81094.49
2025-09-09,15:29,81103.73,81120.19,81070.67,81107.04
2025-09-10,09:15,81504.36,81543.91,81360.01,81414.9
2025-09-10,09:16,81416.69,81491.96,81413.93,81458.93
2025-09-10,09:17,81473.24,81477.81,81440.21,81440.25
2025-09-10,09:18,81439.52,81477.67,81428.36,81428.36
2025-09-10,09:19,81430.9,81439.27,81410.78,81410.78
2025-09-10,09:20,81409.74,81433.96,81409.74,81427.81
2025-09-10,15:25,81441.66,81450.51,81436.06,81439.52
2025-09-10,15:26,81437.62,81440.18,81421.23,81435.63
2025-09-10,15:27,81429.0,81449.36,81422.11,81449.36
2025-09-10,15:28,81447.71,81463.13,81422.55,81448.57
2025-09-10,15:29,81442.28,81455.67,81421.16,81430.38
2025-09-11,09:15,81217.3,81438.39,81216.91,81391.52
2025-09-11,09:16,81390.79,81403.43,81366.65,81403.43
2025-09-11,09:17,81416.77,81417.92,81365.79,81401.36
2025-09-11,09:18,81416.24,81504.4,81409.33,81499.34
2025-09-11,09:19,81497.83,81534.51,81497.83,81524.83
2025-09-11,09:20,81527.13,81578.97,81517.92,81562.73
2025-09-11,15:25,81533.61,81536.8,81523.78,81523.78
2025-09-11,15:26,81523.95,81542.59,81523.57,81534.95
2025-09-11,15:27,81535.77,81545.59,81531.27,81535.19
2025-09-11,15:28,81532.47,81553.17,81522.77,81537.78
2025-09-11,15:29,81543.32,81547.11,81494.98,81532.17
2025-09-12,09:15,81758.95,81836.66,81708.37,81744.52
2025-09-12,09:16,81741.76,81772.3,81729.71,81740.74
2025-09-12,09:17,81741.64,81788.39,81732.38,81758.81
2025-09-12,09:18,81759.77,81763.11,81697.49,81703.47
2025-09-12,09:19,81717.36,81718.73,81692.61,81709.35
2025-09-12,09:20,81709.32,81712.78,81685.61,81695.36
2025-09-12,15:25,81895.32,81912.1,81895.32,81911.5
2025-09-12,15:26,81912.47,81913.13,81894.13,81909.48
2025-09-12,15:27,81909.67,81917.13,81900.21,81908.73
2025-09-12,15:28,81909.81,81920.05,81898.08,81910.29
2025-09-12,15:29,81910.65,81917.39,81883.33,81898.09
2025-09-15,09:15,81925.51,81998.51,81895.45,81926.59
2025-09-15,09:16,81927.18,81963.3,81914.18,81950.37
2025-09-15,09:17,81953.1,81954.4,81919.48,81919.48
2025-09-15,09:18,81910.19,81919.12,81887.09,81895.27
2025-09-15,09:19,81893.55,81894.01,81849.7,81867.31
2025-09-15,09:20,81864.65,81866.56,81840.88,81866.05
2025-09-15,15:25,81778.19,81795.2,81773.55,81795.2
2025-09-15,15:26,81795.4,81801.6,81780.63,81794.69
2025-09-15,15:27,81791.11,81796.78,81780.84,81787.22
2025-09-15,15:28,81788.29,81790.98,81764.32,81768.49
2025-09-15,15:29,81767.42,81814.76,81764.19,81814.76
2025-09-16,09:15,81852.11,81905.8,81779.94,81873.89
2025-09-16,09:16,81874.82,81887.54,81849.49,81874.18
2025-09-16,09:17,81874.49,81875.49,81810.02,81817.07
2025-09-16,09:18,81814.46,81902.55,81814.46,81896.28
2025-09-16,09:19,81893.21,81927.82,81891.36,81927.82
2025-09-16,09:20,81920.53,81940.63,81920.53,81935.59
2025-09-16,15:25,82413.7,82424.48,82409.78,82419.9
2025-09-16,15:26,82420.16,82426.43,82404.16,82418.92
2025-09-16,15:27,82419.65,82437.43,82414.6,82426.99
2025-09-16,15:28,82427.29,82443.48,82415.07,82415.38
2025-09-16,15:29,82420.09,82431.8,82399.65,82422.56
2025-09-17,09:15,82506.4,82640.67,82490.47,82582.41
2025-09-17,09:16,82581.74,82581.74,82507.94,82538.39
2025-09-17,09:17,82538.22,82545.95,82506.22,82522.25
2025-09-17,09:18,82519.01,82570.11,82511.28,82570.11
2025-09-17,09:19,82564.09,82570.61,82546.2,82555.4
2025-09-17,09:20,82555.68,82566.87,82537.78,82566.87
2025-09-17,15:25,82686.25,82690.3,82679.18,82690.3
2025-09-17,15:26,82689.92,82706.25,82682.58,82705.15
2025-09-17,15:27,82707.02,82718.35,82696.81,82700.55
2025-09-17,15:28,82712.18,82721.28,82704.05,82705.88
2025-09-17,15:29,82705.38,82717.2,82688.58,82711.86
2025-09-18,09:15,83108.92,83141.21,83016.34,83044.96
2025-09-18,09:16,83046.31,83067.41,83036.9,83042.67
2025-09-18,09:17,83044.44,83054.72,83010.01,83010.04
2025-09-18,09:18,83008.28,83015.05,82986.71,82999.22
2025-09-18,09:19,83002.75,83020.16,82984.8,83012.44
2025-09-18,09:20,83013.36,83013.36,82920.76,82958.59
2025-09-18,15:25,83020.16,83040.73,83017.96,83029.42
2025-09-18,15:26,83029.1,83040.71,83022.69,83034.24
2025-09-18,15:27,83034.43,83048.25,83025.69,83036.94
2025-09-18,15:28,83033.01,83041.94,83017.96,83022.9
2025-09-18,15:29,83020.96,83036.87,82987.63,83012.68
2025-09-19,09:15,82946.04,82978.63,82870.17,82882.03
2025-09-19,09:16,82894.47,82912.68,82843.14,82843.14
2025-09-19,09:17,82841.48,82847.17,82787.81,82790.95
2025-09-19,09:18,82790.73,82813.25,82749.6,82761.82
2025-09-19,09:19,82762.53,82793.5,82737.75,82793.14
2025-09-19,09:20,82800.03,82850.06,82794.87,82795.63
2025-09-19,15:25,82628.47,82653.23,82625.73,82652.23
2025-09-19,15:26,82652.53,82691.9,82649.36,82691.6
2025-09-19,15:27,82694.64,82700.3,82666.91,82670.57
2025-09-19,15:28,82659.9,82668.37,82630.82,82656.48
2025-09-19,15:29,82663.33,82704.95,82661.44,82704.24
2025-09-22,09:15,82151.07,82378.57,82151.07,82287.93
2025-09-22,09:16,82289.04,82315.72,82240.49,82240.49
2025-09-22,09:17,82246.24,82251.7,82215.6,82230.96
2025-09-22,09:18,82244.06,82293.37,82219.41,82278.3
2025-09-22,09:19,82281.49,82368.38,82277.3,82362.43
2025-09-22,09:20,82351.68,82351.68,82319.09,82344.4
2025-09-22,15:25,82188.93,82203.11,82184.59,82185.78
2025-09-22,15:26,82184.76,82197.17,82178.84,82196.93
2025-09-22,15:27,82197.38,82199.51,82182.94,82197.4
2025-09-22,15:28,82184.62,82209.45,82171.97,82178.38
2025-09-22,15:29,82177.12,82192.47,82159.99,82188.55
2025-09-23,09:15,82147.37,82303.43,82147.21,82256.53
2025-09-23,09:16,82255.7,82282.1,82209.05,82216.47
2025-09-23,09:17,82218.7,82228.71,82188.83,82211.91
2025-09-23,09:18,82212.02,82266.57,82200.4,82258.04
2025-09-23,09:19,82250.39,82285.99,82250.39,82272.33
2025-09-23,09:20,82266.17,82297.4,82260.96,82295.25
2025-09-23,15:25,82096.78,82117.98,82085.3,82117.98
2025-09-23,15:26,82115.45,82119.67,82097.8,82115.05
2025-09-23,15:27,82117.18,82131.51,82103.46,82114.87
2025-09-23,15:28,82115.37,82125.64,82105.18,82111.02
2025-09-23,15:29,82107.32,82151.51,82102.26,82151.51
2025-09-24,09:15,81917.65,82045.47,81897.63,81900.82
2025-09-24,09:16,81916.05,81916.05,81855.61,81885.42
2025-09-24,09:17,81878.42,81915.51,81871.52,81883.03
2025-09-24,09:18,81880.97,81885.86,81834.69,81848.93
2025-09-24,09:19,81848.42,81874.1,81829.35,81845.47
2025-09-24,09:20,81851.65,81851.65,81802.42,81813.65
2025-09-24,15:25,81749.51,81758.62,81732.02,81750.99
2025-09-24,15:26,81751.11,81753.55,81735.83,81744.16
2025-09-24,15:27,81742.16,81742.16,81721.8,81738.21
2025-09-24,15:28,81741.35,81756.29,81726.3,81746.71
2025-09-24,15:29,81752.42,81759.89,81726.97,81739.93
2025-09-25,09:15,81574.31,81662.1,81503.88,81517.12
2025-09-25,09:16,81520.49,81672.79,81492.37,81606.54
2025-09-25,09:17,81604.61,81631.37,81594.43,81625.3
2025-09-25,09:18,81624.68,81682.09,81614.87,81681.16
2025-09-25,09:19,81672.48,81690.21,81650.02,81673.4
2025-09-25,09:20,81683.61,81731.08,81660.64,81728.99
2025-09-25,15:25,81156.34,81175.16,81152.62,81162.42
2025-09-25,15:26,81163.87,81171.12,81147.99,81158.22
2025-09-25,15:27,81161.44,81174.05,81144.22,81150.25
2025-09-25,15:28,81145.81,81181.52,81132.71,81144.74
2025-09-25,15:29,81154.49,81205.93,81142.29,81194.99
2025-09-26,09:15,80956.01,81033.09,80922.72,80941.33
2025-09-26,09:16,80936.43,80982.35,80893.27,80959.22
2025-09-26,09:17,80965.76,81006.43,80954.19,80990.82
2025-09-26,09:18,80988.92,81014.11,80935.34,80948.01
2025-09-26,09:19,80947.63,80982.55,80923.72,80927.06
2025-09-26,09:20,80928.39,80929.52,80878.17,80878.17
2025-09-26,15:25,80463.99,80484.74,80463.49,80481.83
2025-09-26,15:26,80474.25,80483.46,80467.08,80470.5
2025-09-26,15:27,80458.94,80483.51,80458.94,80478.46
2025-09-26,15:28,80477.83,80487.86,80459.13,80462.1
2025-09-26,15:29,80467.78,80502.75,80457.58,80493.62
2025-09-29,09:15,80588.77,80681.92,80523.89,80573.07
2025-09-29,09:16,80569.22,80571.31,80489.12,80491.47
2025-09-29,09:17,80487.73,80487.73,80448.6,80466.25
2025-09-29,09:18,80463.77,80500.54,80463.77,80481.82
2025-09-29,09:19,80485.74,80487.96,80452.67,80482.13
2025-09-29,09:20,80483.12,80558.94,80482.97,80558.0
2025-09-29,15:25,80450.84,80457.65,80433.97,80436.62
2025-09-29,15:26,80437.27,80448.77,80427.39,80443.46
2025-09-29,15:27,80452.28,80497.6,80443.63,80497.6
2025-09-29,15:28,80502.52,80510.99,80479.71,80504.54
2025-09-29,15:29,80504.79,80554.58,80498.19,80543.96
2025-09-30,09:15,80541.77,80669.05,80541.77,80647.21
2025-09-30,09:16,80649.95,80649.95,80535.91,80593.24
2025-09-30,09:17,80594.45,80610.35,80580.03,80595.85
2025-09-30,09:18,80595.07,80626.08,80587.44,80612.59
2025-09-30,09:19,80611.79,80627.24,80599.48,80625.04
2025-09-30,09:20,80627.39,80653.33,80607.0,80647.52
2025-09-30,15:25,80271.55,80296.31,80269.47,80289.29
2025-09-30,15:26,80289.09,80291.13,80277.79,80285.04
2025-09-30,15:27,80284.42,80294.92,80278.32,80290.36
2025-09-30,15:28,80291.81,80320.67,80282.13,80302.26
2025-09-30,15:29,80292.66,80375.41,80270.05,80350.31
2025-10-01,09:15,80173.24,80410.25,80159.9,80346.56
2025-10-01,09:16,80343.57,80362.21,80299.14,80299.14
2025-10-01,09:17,80300.75,80340.72,80285.61,80331.83
2025-10-01,09:18,80341.07,80352.91,80308.36,80312.9
2025-10-01,09:19,80305.02,80331.44,80282.49,80289.12
2025-10-01,09:20,80284.74,80297.01,80252.37,80291.93
2025-10-01,15:25,81006.06,81032.59,80999.7,81019.88
2025-10-01,15:26,81020.34,81021.43,81005.83,81007.15
2025-10-01,15:27,81008.23,81029.33,81006.21,81012.39
2025-10-01,15:28,81021.57,81037.69,81006.75,81020.0
2025-10-01,15:29,81025.51,81038.0,81006.4,81034.47
2025-10-03,09:15,80684.14,80948.75,80649.57,80874.82
2025-10-03,09:16,80868.5,80871.92,80792.14,80792.14
2025-10-03,09:17,80793.86,80811.73,80766.15,80772.62
2025-10-03,09:18,80763.39,80799.11,80738.5,80799.11
2025-10-03,09:19,80800.34,80826.08,80787.16,80821.96
2025-10-03,09:20,80813.9,80851.92,80774.15,80850.02
2025-10-03,15:25,81218.64,81229.25,81209.46,81209.46
2025-10-03,15:26,81209.26,81224.04,81209.26,81224.04
2025-10-03,15:27,81232.36,81232.36,81213.63,81213.63
2025-10-03,15:28,81210.29,81210.29,81191.05,81199.69
2025-10-03,15:29,81196.16,81213.38,81174.52,81196.9
2025-10-06,09:15,81274.79,81345.13,81243.3,81264.49
2025-10-06,09:16,81268.47,81306.76,81233.66,81293.97
2025-10-06,09:17,81298.21,81338.12,81279.12,81338.12
2025-10-06,09:18,81335.86,81357.2,81321.02,81321.02
2025-10-06,09:19,81324.48,81324.48,81284.14,81314.01
2025-10-06,09:20,81326.3,81326.3,81287.3,81290.51
2025-10-06,15:25,81785.25,81797.53,81777.53,81797.29
2025-10-06,15:26,81796.91,81803.64,81786.85,81794.97
2025-10-06,15:27,81792.62,81811.84,81786.25,81795.94
2025-10-06,15:28,81798.81,81815.06,81784.13,81800.75
2025-10-06,15:29,81793.91,81804.14,81761.47,81784.48
2025-10-07,09:15,81883.95,81974.09,81846.22,81946.13
2025-10-07,09:16,81943.58,81967.08,81934.9,81965.43
2025-10-07,09:17,81961.72,81965.19,81864.64,81864.64
2025-10-07,09:18,81860.63,81860.63,81829.74,81845.51
2025-10-07,09:19,81844.64,81844.64,81800.28,81803.88
2025-10-07,09:20,81808.78,81838.01,81787.48,81800.14
2025-10-07,15:25,81905.8,81928.89,81899.79,81928.89
2025-10-07,15:26,81927.6,81944.74,81921.55,81938.8
2025-10-07,15:27,81935.46,81954.44,81924.98,81954.44
2025-10-07,15:28,81954.78,81973.74,81948.76,81973.74
2025-10-07,15:29,81968.6,81975.67,81933.14,81951.98
2025-10-08,09:15,81899.51,81958.66,81849.98,81928.32
2025-10-08,09:16,81921.51,81991.56,81903.18,81971.97
2025-10-08,09:17,81974.44,82014.23,81971.82,82013.91
2025-10-08,09:18,82014.27,82061.45,81994.47,82061.0
2025-10-08,09:19,82058.94,82087.81,82035.93,82080.21
2025-10-08,09:20,82082.87,82098.16,82069.09,82073.89
2025-10-08,15:25,81762.44,81768.29,81738.98,81744.62
2025-10-08,15:26,81744.73,81769.31,81744.73,81748.9
2025-10-08,15:27,81747.03,81766.12,81735.65,81759.74
2025-10-08,15:28,81766.57,81766.57,81728.03,81734.06
2025-10-08,15:29,81738.27,81774.23,81718.02,81774.23
2025-10-09,09:15,81900.0,81909.16,81823.13,81893.55
2025-10-09,09:16,81886.41,81886.41,81773.13,81787.82
2025-10-09,09:17,81803.07,81822.42,81776.42,81783.96
2025-10-09,09:18,81783.27,81791.55,81759.83,81760.19
2025-10-09,09:19,81759.78,81791.51,81742.68,81791.51
2025-10-09,09:20,81792.61,81880.38,81792.61,81874.87
2025-10-09,15:25,82177.06,82189.64,82166.37,82166.88
2025-10-09,15:26,82164.43,82168.18,82139.98,82143.55
2025-10-09,15:27,82135.64,82153.82,82117.69,82136.65
2025-10-09,15:28,82135.76,82171.53,82126.01,82157.18
2025-10-09,15:29,82155.54,82167.86,82106.25,82118.6
2025-10-10,09:15,82075.45,82148.85,82072.93,82132.37
2025-10-10,09:16,82123.78,82161.05,82115.78,82147.84
2025-10-10,09:17,82147.65,82261.32,82127.26,82261.32
2025-10-10,09:18,82266.99,82316.98,82259.69,82305.49
2025-10-10,09:19,82310.95,82340.77,82310.95,82319.78
2025-10-10,09:20,82324.11,82331.75,82282.82,82288.51
2025-10-10,15:25,82506.84,82512.17,82496.16,82501.89
2025-10-10,15:26,82502.93,82514.55,82499.23,82506.14
2025-10-10,15:27,82506.83,82519.51,82493.69,82503.95
2025-10-10,15:28,82512.18,82514.01,82495.3,82497.83
2025-10-10,15:29,82495.06,82496.46,82465.77,82470.9
2025-10-13,09:15,82049.16,82315.08,82049.0,82218.92
2025-10-13,09:16,82229.83,82229.83,82144.28,82145.75
2025-10-13,09:17,82137.6,82238.08,82121.09,82222.42
2025-10-13,09:18,82223.71,82266.2,82181.13,82189.9
2025-10-13,09:19,82193.36,82263.66,82192.32,82215.5
2025-10-13,09:20,82222.61,82241.72,82202.1,82206.78
2025-10-13,15:25,82337.7,82341.75,82327.32,82341.75
2025-10-13,15:26,82343.37,82343.37,82330.34,82338.14
2025-10-13,15:27,82339.83,82352.23,82335.95,82351.12
2025-10-13,15:28,82349.57,82371.3,82335.96,82367.65
2025-10-13,15:29,82366.53,82385.69,82330.06,82343.59
2025-10-14,09:15,82404.54,82553.37,82394.28,82527.51
2025-10-14,09:16,82532.79,82573.37,82491.27,82561.2
2025-10-14,09:17,82549.92,82555.94,82492.8,82510.83
2025-10-14,09:18,82504.21,82544.42,82496.22,82517.43
2025-10-14,09:19,82512.75,82524.17,82486.64,82519.61
2025-10-14,09:20,82517.51,82528.35,82496.94,82526.88
2025-10-14,15:25,81985.73,82004.3,81981.25,81986.2
2025-10-14,15:26,81986.06,81998.59,81970.13,81972.31
2025-10-14,15:27,81975.03,81987.84,81973.2,81982.19
2025-10-14,15:28,81976.38,81984.91,81955.11,81974.3
2025-10-14,15:29,81969.0,81976.75,81926.65,81958.63
2025-10-15,09:15,82197.25,82263.24,82084.37,82228.89
2025-10-15,09:16,82247.77,82303.31,82231.5,82300.04
2025-10-15,09:17,82293.23,82364.75,82283.38,82364.12
2025-10-15,09:18,82360.77,82377.41,82333.16,82343.83
2025-10-15,09:19,82340.54,82349.97,82324.3,82327.98
2025-10-15,09:20,82329.02,82383.03,82325.81,82376.38
2025-10-15,15:25,82624.24,82634.67,82611.17,82615.47
2025-10-15,15:26,82616.52,82622.32,82565.37,82580.34
2025-10-15,15:27,82577.96,82636.62,82575.5,82630.12
2025-10-15,15:28,82625.79,82635.46,82605.03,82620.19
2025-10-15,15:29,82607.03,82657.15,82598.74,82625.05
2025-10-16,09:15,82794.79,82925.81,82791.35,82891.62
2025-10-16,09:16,82889.07,82933.39,82876.04,82930.43
2025-10-16,09:17,82935.18,83013.1,82930.82,82958.4
2025-10-16,09:18,82951.8,82953.92,82907.5,82937.09
2025-10-16,09:19,82931.57,82949.01,82911.03,82947.75
2025-10-16,09:20,82943.97,82957.71,82900.19,82906.86
2025-10-16,15:25,83421.58,83426.86,83396.22,83396.22
2025-10-16,15:26,83395.19,83417.7,83393.1,83416.29
2025-10-16,15:27,83412.24,83425.86,83398.7,83398.7
2025-10-16,15:28,83403.17,83418.84,83387.52,83394.91
2025-10-16,15:29,83395.42,83415.49,83369.45,83385.4
2025-10-17,09:15,83331.78,83413.1,83206.08,83380.82
2025-10-17,09:16,83377.77,83403.02,83304.27,83357.76
2025-10-17,09:17,83345.07,83379.29,83312.86,83344.97
2025-10-17,09:18,83338.43,83371.71,83306.18,83346.34
2025-10-17,09:19,83344.55,83397.78,83325.74,83359.34
2025-10-17,09:20,83361.96,83361.96,83308.06,83330.5
2025-10-17,15:25,83936.8,83936.8,83921.61,83931.15
2025-10-17,15:26,83930.78,83937.52,83913.44,83937.52
2025-10-17,15:27,83934.92,83934.92,83908.86,83910.19
2025-10-17,15:28,83908.65,83941.01,83906.34,83920.22
2025-10-17,15:29,83927.55,83944.29,83893.63,83944.29
2025-10-20,09:15,84269.3,84632.25,84256.55,84623.07
2025-10-20,09:16,84634.63,84647.14,84578.06,84617.32
2025-10-20,09:17,84616.61,84622.24,84557.79,84595.16
2025-10-20,09:18,84606.02,84635.84,84590.52,84593.35
2025-10-20,09:19,84578.7,84620.33,84578.7,84592.28
2025-10-20,09:20,84609.22,84638.54,84603.91,84626.75
2025-10-20,15:25,84382.96,84388.92,84364.41,84375.23
2025-10-20,15:26,84370.31,84389.16,84363.95,84383.58
2025-10-20,15:27,84375.7,84392.82,84369.95,84389.64
2025-10-20,15:28,84387.9,84394.05,84368.72,84376.81
2025-10-20,15:29,84364.18,84385.94,84351.57,84377.72
2025-10-23,09:15,85154.15,85160.7,84867.97,84959.71
2025-10-23,09:16,84945.07,85048.68,84945.07,85036.37
2025-10-23,09:17,85038.54,85038.54,84937.38,84960.71
2025-10-23,09:18,84955.09,84973.56,84928.3,84941.23
2025-10-23,09:19,84941.51,84957.03,84932.67,84947.95
2025-10-23,09:20,84943.25,84968.26,84903.47,84903.47
2025-10-23,15:25,84487.42,84505.97,84472.81,84501.34
2025-10-23,15:26,84500.46,84520.33,84489.38,84514.55
2025-10-23,15:27,84517.42,84522.53,84505.81,84514.89
2025-10-23,15:28,84513.9,84516.2,84492.91,84516.2
2025-10-23,15:29,84515.5,84522.48,84476.58,84476.58
2025-10-24,09:15,84667.23,84707.44,84484.14,84521.12
2025-10-24,09:16,84517.58,84535.29,84439.47,84483.74
2025-10-24,09:17,84484.87,84517.52,84443.38,84448.63
2025-10-24,09:18,84451.53,84473.14,84407.99,84407.99
2025-10-24,09:19,84406.2,84420.49,84401.0,84408.47
2025-10-24,09:20,84405.39,84435.35,84392.15,84424.19
2025-10-24,15:25,84229.46,84243.66,84226.12,84243.66
2025-10-24,15:26,84242.42,84257.83,84232.87,84255.03
2025-10-24,15:27,84255.77,84266.0,84240.96,84251.22
2025-10-24,15:28,84248.01,84253.26,84223.59,84243.39
2025-10-24,15:29,84218.59,84240.15,84211.99,84236.11
2025-10-27,09:15,84297.39,84452.83,84294.2,84448.34
2025-10-27,09:16,84455.32,84466.81,84423.46,84456.84
2025-10-27,09:17,84451.24,84457.61,84403.3,84416.37
2025-10-27,09:18,84411.87,84414.39,84366.45,84403.69
2025-10-27,09:19,84403.62,84439.29,84391.64,84409.25
2025-10-27,09:20,84408.76,84479.82,84408.76,84475.29
2025-10-27,15:25,84778.71,84818.22,84777.15,84806.36
2025-10-27,15:26,84803.7,84814.29,84794.13,84807.78
2025-10-27,15:27,84811.44,84827.81,84809.22,84814.53
2025-10-27,15:28,84815.74,84828.67,84807.76,84828.67
2025-10-27,15:29,84828.55,84829.48,84779.02,84808.94
2025-10-28,09:15,84625.71,84881.24,84609.66,84853.87
2025-10-28,09:16,84855.28,84904.77,84846.27,84861.36
2025-10-28,09:17,84853.77,84879.48,84835.62,84845.3
2025-10-28,09:18,84846.67,84852.43,84823.05,84828.23
2025-10-28,09:19,84826.09,84826.09,84788.84,84792.44
2025-10-28,09:20,84787.24,84787.24,84742.58,84744.02
2025-10-28,15:25,84679.3,84699.28,84679.3,84694.89
2025-10-28,15:26,84697.1,84714.56,84692.77,84704.14
2025-10-28,15:27,84700.62,84701.73,84677.28,84679.7
2025-10-28,15:28,84677.26,84685.76,84662.23,84673.77
2025-10-28,15:29,84672.51,84711.98,84650.21,84711.98
2025-10-29,09:15,84663.68,84849.22,84663.33,84838.59
2025-10-29,09:16,84845.86,84916.1,84827.3,84878.31
2025-10-29,09:17,84896.94,84896.94,84799.66,84809.88
2025-10-29,09:18,84810.59,84815.83,84753.48,84753.48
2025-10-29,09:19,84752.0,84757.74,84722.99,84722.99
2025-10-29,09:20,84727.01,84786.61,84727.01,84764.87
2025-10-29,15:25,85031.0,85036.45,85013.84,85034.51
2025-10-29,15:26,85036.36,85051.93,85022.45,85040.28
2025-10-29,15:27,85037.9,85041.37,85022.61,85028.55
2025-10-29,15:28,85034.77,85037.55,85007.0,85018.51
2025-10-29,15:29,85020.52,85044.1,85017.82,85036.51
2025-10-30,09:15,84750.9,84906.95,84728.58,84782.47
2025-10-30,09:16,84772.52,84779.68,84705.0,84771.16
2025-10-30,09:17,84763.07,84775.88,84722.16,84735.24
2025-10-30,09:18,84737.49,84788.37,84734.27,84767.82
2025-10-30,09:19,84767.15,84816.2,84763.6,84778.33
2025-10-30,09:20,84769.49,84778.61,84736.52,84772.87
2025-10-30,15:25,84406.6,84448.48,84406.6,84446.75
2025-10-30,15:26,84446.58,84469.49,84437.66,84465.28
2025-10-30,15:27,84464.52,84472.89,84451.57,84465.86
2025-10-30,15:28,84465.53,84474.59,84445.55,84452.65
2025-10-30,15:29,84443.26,84472.91,84442.23,84468.4
2025-10-31,09:15,84379.79,84416.6,84260.61,84290.69
2025-10-31,09:16,84284.32,84329.12,84258.91,84329.12
2025-10-31,09:17,84328.5,84377.63,84328.5,84372.26
2025-10-31,09:18,84376.72,84380.51,84349.19,84380.07
2025-10-31,09:19,84382.37,84396.16,84359.37,84387.5
2025-10-31,09:20,84389.56,84402.66,84353.34,84353.83
2025-10-31,15:25,83957.69,83961.44,83942.06,83942.86
2025-10-31,15:26,83938.92,83959.99,83938.92,83950.45
2025-10-31,15:27,83949.81,83957.13,83933.57,83933.57
2025-10-31,15:28,83936.78,83956.68,83934.56,83944.82
2025-10-31,15:29,83951.53,83973.42,83924.99,83955.14
2025-11-03,09:15,83835.1,83951.89,83825.92,83842.93
2025-11-03,09:16,83833.1,83833.1,83699.7,83710.05
2025-11-03,09:17,83718.77,83718.77,83677.32,83687.59
2025-11-03,09:18,83692.57,83722.81,83691.0,83722.81
2025-11-03,09:19,83720.62,83761.44,83715.17,83754.35
2025-11-03,09:20,83747.78,83794.32,83746.49,83788.56
2025-11-03,15:25,83993.55,84001.81,83987.78,83996.34
2025-11-03,15:26,83996.98,84005.58,83987.23,83999.61
2025-11-03,15:27,83999.84,84015.66,83995.83,84004.21
2025-11-03,15:28,84003.37,84024.2,84002.89,84019.51
2025-11-03,15:29,84013.24,84036.74,83995.84,84007.07
2025-11-04,09:15,84000.64,84012.89,83936.79,84003.12
2025-11-04,09:16,84009.06,84068.01,84003.91,84054.76
2025-11-04,09:17,84047.29,84066.7,84005.68,84005.68
2025-11-04,09:18,84005.22,84037.39,83979.38,84037.39
2025-11-04,09:19,84038.15,84038.45,83988.39,83991.6
2025-11-04,09:20,83982.95,83998.13,83945.85,83990.45
2025-11-04,15:25,83459.77,83491.81,83457.97,83482.5
2025-11-04,15:26,83484.67,83491.48,83470.24,83475.11
2025-11-04,15:27,83481.46,83485.84,83464.96,83464.96
2025-11-04,15:28,83465.93,83480.04,83437.8,83454.43
2025-11-04,15:29,83458.67,83482.87,83412.77,83451.75
2025-11-06,09:15,83516.69,83784.48,83488.05,83733.23
2025-11-06,09:16,83734.55,83764.86,83715.1,83764.63
2025-11-06,09:17,83752.24,83753.65,83729.19,83736.38
2025-11-06,09:18,83738.08,83786.15,83736.51,83770.39
2025-11-06,09:19,83772.45,83815.21,83772.45,83807.64
2025-11-06,09:20,83808.58,83836.04,83801.17,83817.57
2025-11-06,15:25,83305.39,83311.7,83287.2,83288.64
2025-11-06,15:26,83288.56,83308.85,83275.34,83300.92
2025-11-06,15:27,83301.35,83360.58,83301.35,83360.58
2025-11-06,15:28,83361.49,83368.45,83326.42,83332.37
2025-11-06,15:29,83320.72,83374.84,83311.03,83368.55
2025-11-07,09:15,83150.15,83150.15,82813.03,82841.82
2025-11-07,09:16,82845.0,82845.0,82796.7,82820.82
2025-11-07,09:17,82814.34,82844.35,82790.88,82824.61
2025-11-07,09:18,82824.32,82875.17,82820.8,82849.72
2025-11-07,09:19,82852.09,82868.55,82840.52,82854.85
2025-11-07,09:20,82849.79,82849.79,82784.22,82788.2
2025-11-07,15:25,83213.45,83233.83,83209.36,83217.67
2025-11-07,15:26,83217.57,83225.82,83208.25,83211.4
2025-11-07,15:27,83212.49,83227.81,83207.35,83226.42
2025-11-07,15:28,83228.26,83250.37,83228.26,83242.81
2025-11-07,15:29,83244.58,83256.82,83230.17,83253.92
2025-11-10,09:15,83198.2,83527.24,83197.67,83496.45
2025-11-10,09:16,83492.26,83492.26,83425.61,83430.87
2025-11-10,09:17,83427.69,83437.53,83389.77,83397.16
2025-11-10,09:18,83397.1,83471.26,83397.1,83456.36
2025-11-10,09:19,83446.31,83451.46,83408.17,83408.17
2025-11-10,09:20,83410.26,83442.78,83397.86,83430.07
2025-11-10,15:25,83503.55,83508.05,83491.81,83497.41
2025-11-10,15:26,83498.96,83523.08,83498.55,83518.05
2025-11-10,15:27,83516.43,83516.81,83497.75,83497.75
2025-11-10,15:28,83500.86,83516.22,83495.33,83511.31
2025-11-10,15:29,83504.83,83540.4,83480.38,83515.12
2025-11-11,15:25,83896.01,83917.36,83896.01,83902.57
2025-11-11,15:26,83907.05,83930.42,83906.88,83925.55
2025-11-11,15:27,83930.7,83936.47,83909.71,83930.66
2025-11-11,15:28,83923.33,83932.18,83908.15,83929.47
2025-11-11,15:29,83922.04,83932.38,83896.77,83899.78
2025-11-12,09:15,84238.86,84338.61,84238.22,84281.02
2025-11-12,09:16,84271.14,84342.49,84271.14,84293.24
2025-11-12,09:17,84292.31,84314.78,84262.78,84277.51
2025-11-12,09:18,84278.69,84290.21,84261.8,84274.08
2025-11-12,09:19,84260.27,84284.73,84245.77,84264.0
2025-11-12,09:20,84267.03,84282.57,84254.59,84281.04
2025-11-12,15:25,84414.86,84422.37,84396.89,84405.15
2025-11-12,15:26,84407.45,84414.03,84395.55,84410.84
2025-11-12,15:27,84412.28,84443.12,84412.07,84424.01
2025-11-12,15:28,84426.0,84426.0,84403.15,84417.71
2025-11-12,15:29,84416.51,84453.93,84408.42,84432.3
2025-11-13,09:15,84525.89,84545.29,84337.06,84375.55
2025-11-13,09:16,84367.62,84367.65,84331.41,84359.81
2025-11-13,09:17,84366.56,84422.74,84366.56,84405.03
2025-11-13,09:18,84397.82,84421.55,84375.41,84376.61
2025-11-13,09:19,84377.56,84383.1,84326.28,84358.75
2025-11-13,09:20,84367.2,84368.73,84318.11,84322.75
2025-11-13,15:25,84471.84,84483.82,84468.36,84483.09
2025-11-13,15:26,84485.01,84501.0,84472.77,84484.89
2025-11-13,15:27,84484.03,84492.73,84472.48,84475.48
2025-11-13,15:28,84478.17,84489.4,84458.79,84483.44
2025-11-13,15:29,84478.47,84498.14,84446.38,84477.02
2025-11-14,09:15,84060.14,84316.92,84042.75,84279.73
2025-11-14,09:16,84247.39,84250.58,84172.32,84178.65
2025-11-14,09:17,84158.6,84174.36,84113.26,84170.57
2025-11-14,09:18,84169.47,84220.34,84169.47,84212.53
2025-11-14,09:19,84213.81,84255.33,84202.67,84247.36
2025-11-14,09:20,84247.29,84247.29,84174.2,84174.2
2025-11-14,15:25,84686.88,84690.43,84670.74,84682.7
2025-11-14,15:26,84682.73,84684.41,84657.57,84681.21
2025-11-14,15:27,84676.51,84697.87,84654.72,84657.12
2025-11-14,15:28,84654.07,84683.14,84615.66,84631.63
2025-11-14,15:29,84622.15,84663.28,84603.2,84653.99
2025-11-17,09:15,84700.5,84788.61,84612.55,84644.3
2025-11-17,09:16,84646.67,84650.95,84581.08,84620.32
2025-11-17,09:17,84627.88,84663.72,84602.0,84663.72
2025-11-17,09:18,84665.32,84673.37,84649.86,84659.97
2025-11-17,09:19,84656.91,84728.38,84643.73,84728.38
2025-11-17,09:20,84729.14,84767.4,84723.82,84766.28
2025-11-17,15:25,84964.63,84965.01,84947.69,84952.97
2025-11-17,15:26,84951.13,84988.09,84951.13,84981.01
2025-11-17,15:27,84979.13,84979.13,84954.45,84966.99
2025-11-17,15:28,84968.02,84977.92,84943.56,84943.56
2025-11-17,15:29,84937.52,84968.73,84918.43,84920.41
2025-11-18,09:15,85042.37,85042.41,84717.74,84732.47
2025-11-18,09:16,84734.01,84734.01,84658.0,84730.54
2025-11-18,09:17,84727.4,84768.59,84727.4,84757.52
2025-11-18,09:18,84751.23,84757.5,84732.95,84742.5
2025-11-18,09:19,84741.46,84756.7,84717.13,84732.98
2025-11-18,09:20,84736.42,84759.28,84719.72,84759.28
2025-11-18,15:25,84641.65,84659.22,84639.74,84646.53
2025-11-18,15:26,84645.98,84645.98,84597.15,84597.15
2025-11-18,15:27,84601.53,84635.59,84601.53,84623.23
2025-11-18,15:28,84618.03,84639.27,84594.25,84611.92
2025-11-18,15:29,84606.61,84658.01,84595.61,84625.99
2025-11-19,09:15,84643.78,84712.14,84585.99,84657.06
2025-11-19,09:16,84662.57,84693.56,84646.46,84653.11
2025-11-19,09:17,84655.08,84667.94,84639.99,84656.93
2025-11-19,09:18,84655.48,84671.67,84605.58,84605.58
2025-11-19,09:19,84602.13,84602.13,84546.69,84546.69
2025-11-19,09:20,84545.8,84582.65,84525.98,84582.65
2025-11-19,15:25,85150.47,85163.75,85147.38,85152.65
2025-11-19,15:26,85157.54,85185.7,85152.45,85180.01
2025-11-19,15:27,85177.55,85182.92,85137.55,85139.0
2025-11-19,15:28,85141.13,85192.63,85135.22,85176.96
2025-11-19,15:29,85162.38,85193.59,85132.09,85160.45
2025-11-20,09:15,85470.92,85470.96,85316.41,85375.28
2025-11-20,09:16,85372.27,85374.92,85280.05,85295.53
2025-11-20,09:17,85297.93,85343.91,85286.81,85326.08
2025-11-20,09:18,85327.03,85347.46,85308.11,85335.82
2025-11-20,09:19,85335.46,85365.99,85332.88,85354.91
2025-11-20,09:20,85352.34,85367.71,85326.01,85367.71
2025-11-20,15:25,85651.73,85666.31,85651.06,85651.93
2025-11-20,15:26,85651.51,85661.31,85622.69,85622.69
2025-11-20,15:27,85628.15,85633.59,85596.6,85616.55
2025-11-20,15:28,85619.98,85637.33,85612.72,85624.1
2025-11-20,15:29,85626.06,85650.75,85604.07,85638.5
2025-11-21,09:15,85347.4,85467.26,85335.71,85419.08
2025-11-21,09:16,85388.06,85407.73,85350.96,85385.84
2025-11-21,09:17,85382.02,85430.73,85374.44,85408.97
2025-11-21,09:18,85412.76,85446.75,85409.76,85441.98
2025-11-21,09:19,85442.94,85502.0,85427.97,85492.75
2025-11-21,09:20,85478.34,85490.25,85455.12,85486.42
2025-11-21,15:25,85206.39,85228.21,85194.42,85221.46
2025-11-21,15:26,85226.39,85243.95,85220.9,85223.74
2025-11-21,15:27,85224.36,85240.76,85224.36,85225.91
2025-11-21,15:28,85223.99,85243.02,85218.87,85238.06
2025-11-21,15:29,85232.6,85254.09,85208.01,85215.74
2025-11-24,09:15,85320.04,85450.36,85304.5,85353.7
2025-11-24,09:16,85353.5,85390.07,85317.62,85348.01
2025-11-24,09:17,85342.06,85351.29,85291.37,85301.41
2025-11-24,09:18,85305.59,85372.5,85301.69,85365.33
2025-11-24,09:19,85370.95,85371.81,85313.45,85316.14
2025-11-24,09:20,85313.03,85368.98,85302.94,85368.82
2025-11-24,15:25,84774.92,84806.31,84765.65,84790.26
2025-11-24,15:26,84788.69,84807.73,84785.25,84797.99
2025-11-24,15:27,84798.2,84798.54,84710.11,84741.63
2025-11-24,15:28,84729.02,84838.89,84729.02,84828.12
2025-11-24,15:29,84826.74,84857.57,84777.36,84782.27
2025-11-25,09:15,85008.93,85032.34,84796.46,84802.81
2025-11-25,09:16,84802.7,84829.03,84775.76,84819.48
2025-11-25,09:17,84811.92,84838.9,84798.66,84834.24
2025-11-25,09:18,84835.0,84903.49,84833.48,84896.39
2025-11-25,09:19,84902.04,84942.57,84901.32,84914.35
2025-11-25,09:20,84912.65,84930.09,84872.08,84881.43
2025-11-25,15:25,84554.37,84565.4,84549.73,84561.78
2025-11-25,15:26,84557.71,84567.82,84547.05,84547.05
2025-11-25,15:27,84548.44,84565.81,84537.92,84550.66
2025-11-25,15:28,84554.84,84575.35,84547.3,84552.84
2025-11-25,15:29,84554.26,84575.51,84536.73,84542.46
2025-11-26,09:15,84503.44,84851.8,84478.13,84789.31
2025-11-26,09:16,84783.03,84849.76,84758.2,84832.09
2025-11-26,09:17,84832.5,84839.54,84786.42,84795.86
2025-11-26,09:18,84798.66,84821.06,84780.34,84821.06
2025-11-26,09:19,84818.8,84860.9,84816.39,84851.21
2025-11-26,09:20,84854.54,84880.67,84852.55,84872.97
2025-11-26,15:25,85625.44,85631.63,85617.46,85617.95
2025-11-26,15:26,85619.94,85631.99,85608.89,85617.61
2025-11-26,15:27,85620.23,85628.58,85609.19,85624.53
2025-11-26,15:28,85623.92,85632.1,85599.12,85609.32
2025-11-26,15:29,85606.37,85624.96,85582.34,85597.84
2025-11-27,09:15,85745.05,85801.14,85646.22,85748.26
2025-11-27,09:16,85729.74,85756.14,85699.34,85715.76
2025-11-27,09:17,85711.89,85744.92,85703.64,85737.45
2025-11-27,09:18,85728.49,85772.8,85723.6,85767.41
2025-11-27,09:19,85768.34,85786.39,85757.6,85786.39
2025-11-27,09:20,85781.92,85795.14,85774.62,85794.1
2025-11-27,15:25,85760.26,85798.86,85760.26,85793.66
2025-11-27,15:26,85796.97,85798.27,85725.48,85733.33
2025-11-27,15:27,85735.0,85764.8,85735.0,85758.97
2025-11-27,15:28,85756.55,85805.27,85755.12,85768.92
2025-11-27,15:29,85765.59,85783.02,85736.6,85774.82
2025-11-28,09:15,85791.55,85818.91,85577.82,85677.05
2025-11-28,09:16,85678.4,85699.02,85643.62,85681.53
2025-11-28,09:17,85682.88,85736.56,85672.82,85726.32
2025-11-28,09:18,85730.46,85784.51,85730.46,85769.68
2025-11-28,09:19,85776.13,85806.51,85774.87,85806.51
2025-11-28,09:20,85810.95,85824.34,85800.15,85808.2
2025-11-28,15:25,85705.0,85749.09,85703.77,85749.09
2025-11-28,15:26,85748.79,85748.79,85726.9,85736.79
2025-11-28,15:27,85737.41,85740.65,85712.71,85730.06
2025-11-28,15:28,85732.85,85745.47,85726.29,85728.17
2025-11-28,15:29,85723.82,85743.09,85700.29,85700.29
2025-12-01,09:15,86065.92,86159.02,85946.91,85949.9
2025-12-01,09:16,85951.6,85999.28,85931.35,85991.8
2025-12-01,09:17,85998.18,86021.38,85995.51,86002.48
2025-12-01,09:18,86002.03,86022.8,85996.0,86008.29
2025-12-01,09:19,86002.53,86020.78,85993.83,85993.83
2025-12-01,09:20,85997.68,86006.69,85959.09,85963.03
2025-12-01,15:25,85653.33,85669.72,85650.7,85662.66
2025-12-01,15:26,85668.27,85673.11,85650.15,85652.14
2025-12-01,15:27,85649.53,85668.54,85639.29,85650.85
2025-12-01,15:28,85645.33,85645.7,85623.03,85636.03
2025-12-01,15:29,85630.79,85652.49,85623.03,85636.29
2025-12-02,09:15,85325.51,85486.39,85261.88,85408.19
2025-12-02,09:16,85420.16,85453.92,85408.58,85442.01
2025-12-02,09:17,85431.31,85467.42,85410.47,85465.3
2025-12-02,09:18,85469.61,85527.51,85435.58,85517.45
2025-12-02,09:19,85518.82,85538.03,85500.66,85509.81
2025-12-02,09:20,85511.82,85553.51,85504.54,85545.36
2025-12-02,15:25,85212.65,85238.09,85212.18,85219.81
2025-12-02,15:26,85220.72,85230.93,85213.31,85226.61
2025-12-02,15:27,85226.86,85240.88,85218.25,85240.88
2025-12-02,15:28,85241.13,85243.39,85210.16,85220.53
2025-12-02,15:29,85221.94,85243.85,85217.33,85233.52
2025-12-03,09:15,85150.64,85269.68,85078.79,85091.58
2025-12-03,09:16,85096.07,85211.63,85093.89,85188.49
2025-12-03,09:17,85194.64,85205.17,85159.03,85177.82
2025-12-03,09:18,85184.92,85194.06,85152.93,85178.04
2025-12-03,09:19,85175.8,85214.37,85175.8,85189.84
2025-12-03,09:20,85190.19,85190.19,85144.54,85144.54
2025-12-03,15:25,85098.37,85113.11,85096.8,85103.13
2025-12-03,15:26,85101.82,85116.91,85088.5,85091.58
2025-12-03,15:27,85095.9,85110.37,85089.43,85106.11
2025-12-03,15:28,85115.61,85135.22,85109.69,85110.81
2025-12-03,15:29,85108.22,85136.62,85098.38,85118.63
2025-12-04,09:15,84987.56,85084.02,84954.75,84977.87
2025-12-04,09:16,84981.38,85010.68,84949.98,85010.36
2025-12-04,09:17,85010.75,85021.43,84977.17,85016.58
2025-12-04,09:18,85016.28,85029.99,85005.47,85017.49
2025-12-04,09:19,85025.11,85027.72,84993.02,85003.55
2025-12-04,09:20,85002.65,85002.65,84970.63,84979.88
2025-12-04,15:25,85235.22,85247.97,85214.26,85215.1
2025-12-04,15:26,85211.75,85213.53,85196.94,85203.61
2025-12-04,15:27,85203.44,85212.24,85177.02,85186.48
2025-12-04,15:28,85188.77,85215.52,85158.63,85176.09
2025-12-04,15:29,85162.87,85191.65,85118.28,85131.41
2025-12-05,09:15,85125.48,85204.08,85078.12,85147.41
2025-12-05,09:16,85154.23,85186.02,85146.73,85186.02
2025-12-05,09:17,85184.66,85266.18,85184.66,85255.36
2025-12-05,09:18,85254.8,85254.8,85201.78,85221.25
2025-12-05,09:19,85220.0,85286.94,85220.0,85278.9
2025-12-05,09:20,85283.85,85311.99,85273.19,85311.84
2025-12-05,15:25,85745.87,85748.6,85724.29,85738.91
2025-12-05,15:26,85738.87,85743.05,85724.82,85732.4
2025-12-05,15:27,85734.43,85750.29,85731.48,85736.29
2025-12-05,15:28,85737.39,85740.27,85701.9,85723.43
2025-12-05,15:29,85721.44,85727.02,85684.94,85698.74
2025-12-08,09:15,85624.84,85722.97,85566.3,85612.69
2025-12-08,09:16,85611.11,85649.47,85587.12,85643.45
2025-12-08,09:17,85642.34,85688.71,85639.12,85666.2
2025-12-08,09:18,85670.41,85683.86,85644.35,85644.35
2025-12-08,09:19,85651.97,85666.97,85624.52,85645.98
2025-12-08,09:20,85659.73,85679.98,85608.48,85675.97
2025-12-08,15:25,85065.38,85074.36,85048.93,85056.9
2025-12-08,15:26,85058.65,85069.42,85036.15,85066.86
2025-12-08,15:27,85066.62,85072.75,85028.95,85030.06
2025-12-08,15:28,85033.16,85051.67,85011.75,85021.96
2025-12-08,15:29,85021.28,85024.14,84978.73,84990.2
2025-12-09,09:15,84742.87,84889.67,84726.04,84789.83
2025-12-09,09:16,84793.89,84794.55,84721.28,84721.28
2025-12-09,09:17,84717.88,84731.68,84690.52,84723.07
2025-12-09,09:18,84726.84,84739.79,84708.49,84722.6
2025-12-09,09:19,84730.16,84741.61,84683.38,84691.42
2025-12-09,09:20,84680.88,84680.88,84597.48,84607.53
2025-12-09,15:25,84674.69,84684.77,84669.68,84678.82
2025-12-09,15:26,84678.57,84698.67,84678.52,84678.52
2025-12-09,15:27,84682.02,84704.16,84677.5,84704.16
2025-12-09,15:28,84688.39,84707.53,84671.88,84692.46
2025-12-09,15:29,84690.56,84708.85,84661.33,84686.94
2025-12-10,09:15,84607.49,84758.14,84607.49,84677.83
2025-12-10,09:16,84668.65,84774.31,84637.77,84774.31
2025-12-10,09:17,84774.17,84844.46,84767.2,84803.33
2025-12-10,09:18,84799.03,84850.29,84782.93,84847.83
2025-12-10,09:19,84848.72,84870.97,84804.34,84810.08
2025-12-10,09:20,84802.23,84824.36,84753.55,84754.99
2025-12-10,15:25,84375.87,84399.06,84371.24,84388.7
2025-12-10,15:26,84397.5,84397.5,84361.45,84361.45
2025-12-10,15:27,84359.67,84388.35,84359.67,84369.44
2025-12-10,15:28,84370.1,84378.84,84352.81,84353.38
2025-12-10,15:29,84346.46,84390.94,84346.46,84376.7
2025-12-11,09:15,84456.75,84540.57,84431.94,84433.23
2025-12-11,09:16,84428.31,84428.31,84306.9,84323.37
2025-12-11,09:17,84323.61,84367.01,84301.62,84355.27
2025-12-11,09:18,84357.0,84390.67,84339.71,84355.72
2025-12-11,09:19,84361.06,84411.45,84347.73,84370.56
2025-12-11,09:20,84368.29,84469.76,84368.29,84467.11
2025-12-11,15:25,84827.12,84827.12,84806.09,84809.2
2025-12-11,15:26,84806.98,84813.92,84791.81,84791.81
2025-12-11,15:27,84801.4,84820.62,84793.17,84808.69
2025-12-11,15:28,84820.11,84829.21,84789.34,84824.37
2025-12-11,15:29,84820.34,84820.34,84786.25,84791.9
2025-12-12,09:15,85051.03,85161.59,85031.71,85132.6
2025-12-12,09:16,85130.94,85150.17,85078.71,85132.45
2025-12-12,09:17,85138.1,85154.43,85134.28,85141.51
2025-12-12,09:18,85138.21,85159.61,85125.15,85152.39
2025-12-12,09:19,85143.38,85188.46,85138.94,85186.45
2025-12-12,09:20,85187.02,85221.12,85183.64,85211.53
2025-12-12,15:25,85302.82,85310.56,85289.87,85303.44
2025-12-12,15:26,85302.65,85313.64,85292.17,85292.57
2025-12-12,15:27,85294.14,85300.12,85258.55,85263.01
2025-12-12,15:28,85256.72,85293.62,85256.61,85292.1
2025-12-12,15:29,85292.53,85300.29,85264.17,85264.17
2025-12-15,09:15,84891.75,85156.83,84883.27,85013.67
2025-12-15,09:16,85011.78,85024.79,84974.44,85019.28
2025-12-15,09:17,85020.3,85062.96,85012.35,85040.78
2025-12-15,09:18,85043.58,85046.74,85003.14,85027.34
2025-12-15,09:19,85030.94,85042.92,85017.45,85017.63
2025-12-15,09:20,85017.07,85018.8,84963.63,84978.81
2025-12-15,15:25,85201.24,85212.33,85195.65,85208.89
2025-12-15,15:26,85211.04,85230.19,85208.77,85228.36
2025-12-15,15:27,85228.12,85235.79,85217.54,85221.62
2025-12-15,15:28,85224.87,85226.02,85198.7,85212.22
2025-12-15,15:29,85215.09,85226.32,85177.66,85193.08
2025-12-16,09:15,85025.61,85059.96,84874.7,84915.92
2025-12-16,09:16,84910.52,84918.36,84879.47,84901.63
2025-12-16,09:17,84902.74,84932.71,84877.12,84906.44
2025-12-16,09:18,84904.48,84938.74,84893.52,84911.44
2025-12-16,09:19,84908.42,84930.05,84908.42,84923.03
2025-12-16,09:20,84919.39,84919.39,84892.07,84905.52
2025-12-16,15:25,84668.58,84683.96,84665.54,84682.27
2025-12-16,15:26,84682.83,84689.55,84670.44,84675.61
2025-12-16,15:27,84677.1,84685.11,84648.05,84653.55
2025-12-16,15:28,84652.89,84670.51,84632.06,84644.53
2025-12-16,15:29,84637.28,84682.6,84623.16,84647.03
2025-12-17,09:15,84856.26,84870.42,84649.25,84690.6
2025-12-17,09:16,84684.12,84731.04,84657.66,84731.04
2025-12-17,09:17,84736.82,84760.81,84733.19,84752.28
2025-12-17,09:18,84748.29,84764.44,84717.55,84723.09
2025-12-17,09:19,84722.36,84735.23,84695.27,84703.67
2025-12-17,09:20,84710.35,84719.37,84686.19,84719.37
2025-12-17,15:25,84568.76,84592.07,84568.76,84583.8
2025-12-17,15:26,84586.44,84595.36,84574.51,84583.04
2025-12-17,15:27,84580.56,84600.11,84580.56,84597.19
2025-12-17,15:28,84598.71,84599.0,84578.08,84588.55
2025-12-17,15:29,84585.67,84600.03,84565.36,84582.28
2025-12-18,09:15,84518.33,84570.6,84380.18,84395.61
2025-12-18,09:16,84380.86,84417.59,84344.78,84398.96
2025-12-18,09:17,84400.17,84449.61,84394.76,84414.66
2025-12-18,09:18,84423.67,84448.61,84404.4,84445.59
2025-12-18,09:19,84459.06,84481.94,84394.31,84399.06
2025-12-18,09:20,84397.76,84434.6,84393.39,84403.32
2025-12-18,15:25,84489.74,84505.25,84481.71,84496.17
2025-12-18,15:26,84494.41,84507.46,84487.14,84495.33
2025-12-18,15:27,84502.13,84502.96,84484.5,84494.31
2025-12-18,15:28,84504.01,84511.41,84484.36,84507.63
2025-12-18,15:29,84499.05,84516.8,84470.89,84476.96
2025-12-19,09:15,84756.79,84845.83,84734.96,84834.86
2025-12-19,09:16,84848.63,84871.53,84813.36,84868.34
2025-12-19,09:17,84869.3,84876.58,84823.38,84860.51
2025-12-19,09:18,84859.05,84888.97,84852.86,84865.5
2025-12-19,09:19,84865.59,84872.35,84819.95,84847.97
2025-12-19,09:20,84851.97,84875.37,84841.83,84873.35
2025-12-19,15:25,84922.16,84935.2,84917.17,84921.73
2025-12-19,15:26,84922.2,84931.18,84879.69,84892.18
2025-12-19,15:27,84890.19,84941.23,84885.52,84928.1
2025-12-19,15:28,84928.58,84930.96,84891.9,84916.8
2025-12-19,15:29,84912.07,84929.9,84893.61,84912.93
2025-12-22,09:15,85145.9,85315.65,85145.86,85308.82
2025-12-22,09:16,85318.11,85330.44,85293.93,85312.06
2025-12-22,09:17,85313.19,85342.7,85308.72,85337.14
2025-12-22,09:18,85333.66,85333.66,85285.88,85309.23
2025-12-22,09:19,85311.7,85327.32,85303.5,85307.47
2025-12-22,09:20,85305.79,85375.81,85305.79,85366.6
2025-12-22,15:25,85547.0,85580.79,85547.0,85558.02
2025-12-22,15:26,85557.03,85567.25,85548.05,85563.77
2025-12-22,15:27,85564.73,85572.5,85552.92,85569.98
2025-12-22,15:28,85570.66,85570.66,85544.24,85558.37
2025-12-22,15:29,85552.16,85573.12,85532.73,85544.81
2025-12-23,09:15,85690.1,85704.93,85538.87,85547.91
2025-12-23,09:16,85539.86,85539.86,85472.01,85490.85
2025-12-23,09:17,85489.83,85499.8,85458.23,85484.42
2025-12-23,09:18,85486.06,85523.54,85482.04,85520.39
2025-12-23,09:19,85517.41,85521.15,85497.59,85515.94
2025-12-23,09:20,85516.93,85522.07,85504.56,85520.37
2025-12-23,15:25,85504.01,85514.35,85491.52,85500.37
2025-12-23,15:26,85500.29,85515.41,85479.52,85494.23
2025-12-23,15:27,85497.43,85517.5,85483.95,85504.11
2025-12-23,15:28,85502.4,85505.44,85491.22,85491.22
2025-12-23,15:29,85498.88,85520.23,85481.99,85499.6
2025-12-24,09:15,85533.11,85586.33,85396.87,85416.47
2025-12-24,09:16,85401.58,85490.66,85386.54,85431.33
2025-12-24,09:17,85425.36,85507.81,85414.31,85507.81
2025-12-24,09:18,85507.41,85547.66,85507.41,85531.51
2025-12-24,09:19,85534.78,85600.28,85534.78,85595.62
2025-12-24,09:20,85595.11,85597.8,85558.8,85591.6
2025-12-24,15:25,85366.03,85404.23,85366.03,85389.89
2025-12-24,15:26,85392.91,85405.59,85357.19,85394.0
2025-12-24,15:27,85403.08,85408.5,85377.87,85389.69
2025-12-24,15:28,85390.57,85396.38,85362.94,85372.97
2025-12-24,15:29,85369.07,85393.22,85353.94,85387.68
2025-12-26,09:15,85225.28,85378.51,85225.28,85280.45
2025-12-26,09:16,85280.33,85324.02,85256.75,85292.22
2025-12-26,09:17,85294.57,85326.47,85289.54,85318.55
2025-12-26,09:18,85317.51,85364.25,85313.85,85364.25
2025-12-26,09:19,85359.19,85375.92,85345.9,85345.9
2025-12-26,09:20,85350.4,85360.12,85343.18,85360.12
2025-12-26,15:25,85054.24,85075.88,85043.77,85052.41
2025-12-26,15:26,85056.06,85069.7,85050.2,85060.88
2025-12-26,15:27,85060.52,85060.91,85037.8,85041.38
2025-12-26,15:28,85042.47,85073.75,85042.47,85056.82
2025-12-26,15:29,85061.21,85084.38,85053.91,85081.12
2025-12-29,09:15,85004.75,85250.0,84992.82,85123.81
2025-12-29,09:16,85123.38,85153.11,85096.23,85127.58
2025-12-29,09:17,85115.09,85115.09,85051.13,85058.65
2025-12-29,09:18,85067.59,85089.33,85067.59,85072.85
2025-12-29,09:19,85080.73,85091.55,85058.05,85058.05
2025-12-29,09:20,85067.54,85073.15,85047.64,85052.3
2025-12-29,15:25,84738.15,84753.08,84728.66,84728.66
2025-12-29,15:26,84733.4,84739.21,84725.17,84738.36
2025-12-29,15:27,84733.4,84741.55,84718.6,84728.48
2025-12-29,15:28,84729.98,84736.59,84705.65,84713.82
2025-12-29,15:29,84706.82,84732.5,84697.74,84707.68
2025-12-30,09:15,84600.99,84698.93,84522.77,84557.4
2025-12-30,09:16,84554.35,84569.53,84542.32,84554.23
2025-12-30,09:17,84550.05,84601.23,84550.05,84599.21
2025-12-30,09:18,84598.18,84598.18,84565.88,84573.38
2025-12-30,09:19,84571.59,84574.63,84550.39,84561.22
2025-12-30,09:20,84560.47,84569.35,84527.91,84529.63
2025-12-30,15:25,84669.81,84718.26,84669.81,84683.12
2025-12-30,15:26,84683.78,84728.69,84682.37,84717.4
2025-12-30,15:27,84713.65,84756.68,84713.65,84743.09
2025-12-30,15:28,84730.55,84765.42,84716.13,84760.1
2025-12-30,15:29,84753.33,84804.82,84742.68,84803.17
2025-12-31,09:15,84793.58,84929.46,84769.43,84884.57
2025-12-31,09:16,84877.53,84909.42,84869.53,84904.82
2025-12-31,09:17,84907.05,84914.88,84871.93,84876.47
2025-12-31,09:18,84873.11,84886.49,84858.81,84884.43
2025-12-31,09:19,84882.06,84893.7,84869.02,84882.65
2025-12-31,09:20,84888.82,84888.82,84866.68,84869.83
2025-12-31,15:25,85211.62,85226.64,85208.15,85223.83
2025-12-31,15:26,85222.16,85222.16,85206.66,85221.29
2025-12-31,15:27,85225.35,85225.98,85211.06,85220.01
2025-12-31,15:28,85224.57,85240.88,85214.98,85234.74
2025-12-31,15:29,85235.48,85256.38,85200.2,85208.64
2026-01-01,09:15,85255.55,85432.67,85253.06,85373.16
2026-01-01,09:16,85383.12,85442.08,85350.2,85412.75
2026-01-01,09:17,85403.4,85444.14,85384.79,85431.68
2026-01-01,09:18,85433.19,85438.12,85372.96,85382.58
2026-01-01,09:19,85375.91,85375.91,85335.4,85335.4
2026-01-01,09:20,85329.69,85358.92,85315.43,85358.92
2026-01-01,15:25,85174.42,85184.85,85160.29,85165.31
2026-01-01,15:26,85158.56,85181.05,85154.69,85181.05
2026-01-01,15:27,85171.53,85196.51,85170.17,85189.52
2026-01-01,15:28,85187.92,85193.12,85159.88,85161.26
2026-01-01,15:29,85157.44,85172.11,85156.15,85172.11
2026-01-02,09:15,85259.36,85302.84,85068.88,85283.98
2026-01-02,09:16,85284.3,85314.9,85272.61,85290.88
2026-01-02,09:17,85288.72,85327.44,85287.72,85303.71
2026-01-02,09:18,85307.75,85318.94,85265.04,85285.94
2026-01-02,09:19,85280.13,85317.67,85279.37,85317.67
2026-01-02,09:20,85317.11,85326.73,85302.45,85320.86
2026-01-02,15:25,85777.81,85798.75,85766.62,85787.05
2026-01-02,15:26,85789.13,85793.92,85770.09,85787.91
2026-01-02,15:27,85785.57,85799.72,85775.56,85778.02
2026-01-02,15:28,85778.55,85801.46,85768.81,85796.75
2026-01-02,15:29,85798.82,85810.29,85763.65,85810.29
2026-01-05,09:15,85640.05,85800.87,85636.05,85750.9
2026-01-05,09:16,85740.03,85740.03,85666.08,85723.96
2026-01-05,09:17,85709.2,85742.13,85696.17,85731.64
2026-01-05,09:18,85733.95,85776.41,85716.25,85766.95
2026-01-05,09:19,85758.76,85784.9,85726.56,85768.8
2026-01-05,09:20,85768.38,85768.38,85709.33,85719.68
2026-01-05,15:25,85403.99,85431.59,85390.73,85425.54
2026-01-05,15:26,85423.02,85439.83,85412.55,85414.89
2026-01-05,15:27,85411.71,85425.88,85388.16,85403.05
2026-01-05,15:28,85383.67,85421.38,85381.89,85394.74
2026-01-05,15:29,85385.31,85443.48,85385.31,85434.63
2026-01-06,09:15,85331.14,85331.79,85007.67,85276.27
2026-01-06,09:16,85290.97,85318.62,85243.36,85243.36
2026-01-06,09:17,85235.21,85265.09,85185.55,85233.35
2026-01-06,09:18,85230.69,85262.57,85211.92,85217.83
2026-01-06,09:19,85223.71,85229.64,85166.87,85166.87
2026-01-06,09:20,85161.98,85177.71,85133.63,85173.49
2026-01-06,15:25,85089.12,85089.12,85071.24,85076.51
2026-01-06,15:26,85073.38,85080.61,85068.47,85068.47
2026-01-06,15:27,85068.16,85075.92,85057.67,85066.71
2026-01-06,15:28,85070.41,85079.51,85055.53,85066.55
2026-01-06,15:29,85052.77,85059.75,85025.57,85027.58
2026-01-07,09:15,84620.4,84959.71,84617.49,84872.56
2026-01-07,09:16,84849.79,84951.69,84847.64,84917.95
2026-01-07,09:17,84928.88,84961.16,84907.54,84941.03
2026-01-07,09:18,84937.61,84959.02,84927.93,84954.55
2026-01-07,09:19,84954.46,84957.55,84902.49,84915.53
2026-01-07,09:20,84921.92,84976.67,84918.23,84975.89
2026-01-07,15:25,84944.61,84957.26,84937.86,84951.88
2026-01-07,15:26,84957.05,84964.42,84950.25,84953.1
2026-01-07,15:27,84952.89,84971.78,84934.24,84960.07
2026-01-07,15:28,84959.9,84970.95,84945.71,84968.83
2026-01-07,15:29,84963.71,84978.47,84942.87,84968.05
2026-01-08,09:15,84778.02,84896.66,84705.28,84842.83
2026-01-08,09:16,84845.4,84915.02,84823.73,84873.22
2026-01-08,09:17,84878.97,84937.38,84878.97,84929.52
2026-01-08,09:18,84926.92,84941.46,84877.26,84911.8
2026-01-08,09:19,84913.02,84965.27,84895.68,84931.27
2026-01-08,09:20,84906.94,84906.94,84859.61,84882.29
2026-01-08,15:25,84185.95,84189.31,84164.72,84168.3
2026-01-08,15:26,84166.28,84197.47,84158.8,84189.69
2026-01-08,15:27,84191.71,84195.21,84117.13,84129.6
2026-01-08,15:28,84145.73,84177.36,84114.14,84156.18
2026-01-08,15:29,84170.83,84179.44,84138.79,84162.02
2026-01-09,09:15,84022.09,84272.21,84019.5,84247.78
2026-01-09,09:16,84244.19,84333.42,84232.94,84323.23
2026-01-09,09:17,84312.21,84393.07,84298.03,84393.07
2026-01-09,09:18,84392.36,84401.5,84354.64,84354.64
2026-01-09,09:19,84352.67,84406.22,84352.58,84387.23
2026-01-09,09:20,84393.15,84393.91,84314.43,84325.13
2026-01-09,15:25,83574.89,83599.37,83574.89,83590.55
2026-01-09,15:26,83591.31,83595.31,83557.18,83569.18
2026-01-09,15:27,83569.06,83588.28,83563.7,83584.89
2026-01-09,15:28,83585.13,83609.95,83572.83,83606.15
2026-01-09,15:29,83609.5,83639.53,83598.48,83638.66
2026-01-12,09:15,83435.31,83617.53,83429.27,83463.46
2026-01-12,09:16,83460.61,83471.0,83292.54,83311.99
2026-01-12,09:17,83321.14,83344.25,83306.07,83306.07
2026-01-12,09:18,83305.26,83351.22,83291.6,83326.28
2026-01-12,09:19,83331.23,83340.96,83297.26,83305.12
2026-01-12,09:20,83294.11,83298.1,83231.55,83231.55
2026-01-12,15:25,83913.12,83916.91,83895.26,83916.91
2026-01-12,15:26,83915.67,83925.74,83904.55,83921.11
2026-01-12,15:27,83921.64,83938.43,83918.37,83921.21
2026-01-12,15:28,83917.78,83932.55,83907.01,83907.24
2026-01-12,15:29,83915.4,83962.31,83912.12,83961.3
2026-01-13,09:15,84079.32,84258.03,84068.33,84116.13
2026-01-13,09:16,84100.19,84169.21,84064.32,84140.3
2026-01-13,09:17,84147.04,84171.0,84119.89,84158.95
2026-01-13,09:18,84164.99,84164.99,84093.94,84093.94
2026-01-13,09:19,84082.82,84098.82,84048.95,84058.73
2026-01-13,09:20,84057.5,84057.5,83976.15,83976.15
2026-01-13,15:25,83620.3,83652.62,83615.68,83650.37
2026-01-13,15:26,83652.01,83657.44,83632.16,83632.16
2026-01-13,15:27,83626.9,83634.78,83611.65,83631.65
2026-01-13,15:28,83631.56,83645.3,83607.02,83618.86
2026-01-13,15:29,83614.4,83626.58,83589.1,83608.88
2026-01-14,09:15,83358.54,83497.51,83288.13,83485.21
2026-01-14,09:16,83485.03,83618.29,83485.03,83585.96
2026-01-14,09:17,83602.33,83619.41,83569.93,83595.64
2026-01-14,09:18,83608.42,83608.42,83522.84,83524.24
2026-01-14,09:19,83536.78,83552.76,83487.28,83487.28
2026-01-14,09:20,83484.66,83542.44,83482.78,83542.44
2026-01-14,15:25,83417.44,83429.24,83398.25,83405.43
2026-01-14,15:26,83400.04,83410.21,83388.8,83409.84
2026-01-14,15:27,83408.6,83413.89,83395.14,83398.81
2026-01-14,15:28,83399.34,83406.38,83379.24,83391.21
2026-01-14,15:29,83397.36,83404.14,83365.14,83366.82
2026-01-16,09:15,83670.79,83726.15,83544.34,83611.83
2026-01-16,09:16,83622.6,83648.77,83510.34,83541.86
2026-01-16,09:17,83563.13,83573.44,83529.16,83553.18
2026-01-16,09:18,83559.92,83615.49,83556.35,83611.31
2026-01-16,09:19,83609.18,83658.98,83605.73,83658.98
2026-01-16,09:20,83654.92,83670.75,83640.95,83642.98
2026-01-16,15:25,83605.7,83609.26,83585.87,83590.63
2026-01-16,15:26,83587.74,83592.92,83571.88,83590.2
2026-01-16,15:27,83594.56,83621.53,83591.0,83594.94
2026-01-16,15:28,83593.25,83597.9,83569.65,83577.08
2026-01-16,15:29,83582.21,83641.02,83564.97,83595.6
2026-01-19,09:15,83494.49,83539.93,83028.89,83072.2
2026-01-19,09:16,83072.13,83248.77,83041.75,83205.88
2026-01-19,09:17,83217.83,83257.2,83201.84,83254.49
2026-01-19,09:18,83250.93,83285.87,83230.49,83280.03
2026-01-19,09:19,83276.57,83303.72,83265.41,83293.72
2026-01-19,09:20,83288.38,83288.38,83211.88,83258.57
2026-01-19,15:25,83180.08,83183.73,83168.03,83173.66
2026-01-19,15:26,83171.89,83191.06,83148.39,83165.47
2026-01-19,15:27,83164.18,83176.97,83160.1,83160.1
2026-01-19,15:28,83149.56,83159.2,83135.1,83154.05
2026-01-19,15:29,83142.26,83166.17,83132.17,83140.15
2026-01-20,09:15,83207.38,83254.28,83085.4,83174.81
2026-01-20,09:16,83182.05,83235.78,83170.41,83220.98
2026-01-20,09:17,83217.13,83249.49,83207.92,83235.6
2026-01-20,09:18,83236.02,83239.14,83188.94,83192.52
2026-01-20,09:19,83191.57,83198.2,83166.54,83166.54
2026-01-20,09:20,83168.27,83170.9,83119.48,83139.35
2026-01-20,15:25,82028.68,82056.98,82010.58,82044.88
2026-01-20,15:26,82048.69,82089.95,82027.9,82067.85
2026-01-20,15:27,82075.65,82111.99,82072.72,82110.21
2026-01-20,15:28,82104.08,82144.57,82093.61,82144.57
2026-01-20,15:29,82147.14,82200.0,82117.66,82153.74
2026-01-21,09:15,81794.65,82151.51,81793.23,81932.19
2026-01-21,09:16,81925.23,82234.04,81925.23,82233.67
2026-01-21,09:17,82234.7,82239.83,82138.71,82138.71
2026-01-21,09:18,82140.06,82265.87,82140.06,82229.48
2026-01-21,09:19,82228.61,82282.25,82176.53,82176.66
2026-01-21,09:20,82173.06,82173.06,82048.07,82048.81
2026-01-21,15:25,81910.82,81910.82,81882.35,81904.86
2026-01-21,15:26,81904.3,81944.58,81898.82,81944.58
2026-01-21,15:27,81941.17,81971.99,81941.17,81965.47
2026-01-21,15:28,81963.45,81978.49,81952.78,81959.25
2026-01-21,15:29,81953.74,81957.86,81906.77,81919.06
2026-01-22,09:15,82459.66,82586.2,82423.45,82488.15
2026-01-22,09:16,82491.04,82508.13,82418.94,82429.45
2026-01-22,09:17,82431.15,82458.85,82417.89,82423.72
2026-01-22,09:18,82424.45,82439.23,82400.59,82407.78
2026-01-22,09:19,82402.67,82440.87,82383.77,82412.96
2026-01-22,09:20,82416.33,82473.53,82393.39,82472.2
2026-01-22,15:25,82403.17,82404.93,82367.55,82372.79
2026-01-22,15:26,82373.87,82424.13,82373.87,82418.26
2026-01-22,15:27,82419.52,82428.85,82380.38,82391.72
2026-01-22,15:28,82394.13,82408.05,82377.36,82385.29
2026-01-22,15:29,82385.88,82410.74,82369.07,82369.5
2026-01-23,09:15,82335.94,82516.27,82252.91,82337.77
2026-01-23,09:16,82341.8,82351.66,82233.47,82240.12
2026-01-23,09:17,82249.82,82290.62,82191.83,82205.38
2026-01-23,09:18,82207.71,82245.86,82195.59,82234.42
2026-01-23,09:19,82238.89,82253.08,82234.5,82246.18
2026-01-23,09:20,82249.47,82263.55,82214.95,82241.94
2026-01-23,15:25,81540.89,81558.68,81532.0,81541.58
2026-01-23,15:26,81540.05,81558.86,81536.37,81545.99
2026-01-23,15:27,81542.57,81558.55,81527.05,81553.03
2026-01-23,15:28,81553.12,81585.81,81539.55,81563.79
2026-01-23,15:29,81559.06,81592.16,81545.86,81575.99
2026-01-27,09:15,81436.79,81711.81,81371.14,81649.53
2026-01-27,09:16,81656.81,81676.51,81450.93,81482.4
2026-01-27,09:17,81463.72,81463.72,81318.34,81329.46
2026-01-27,09:18,81323.16,81475.5,81316.65,81414.07
2026-01-27,09:19,81418.93,81428.07,81327.71,81351.8
2026-01-27,09:20,81347.29,81347.29,81190.16,81258.72
2026-01-27,15:25,82015.66,82057.59,82015.66,82041.87
2026-01-27,15:26,82049.46,82084.42,82049.33,82077.84
2026-01-27,15:27,82084.62,82084.92,82061.85,82061.85
2026-01-27,15:28,82062.95,82063.85,81987.62,82017.57
2026-01-27,15:29,82020.45,82063.46,82003.13,82052.32
2026-01-28,09:15,81892.36,82319.61,81887.93,82294.61
2026-01-28,09:16,82265.9,82407.86,82265.9,82364.27
2026-01-28,09:17,82361.8,82361.8,82272.85,82277.03
2026-01-28,09:18,82294.04,82336.65,82250.53,82325.79
2026-01-28,09:19,82338.91,82401.37,82306.16,82393.31
2026-01-28,09:20,82397.4,82473.49,82392.25,82443.09
2026-01-28,15:25,82374.43,82387.76,82363.26,82377.83
2026-01-28,15:26,82378.07,82384.36,82362.71,82369.24
2026-01-28,15:27,82375.16,82383.58,82354.99,82356.7
2026-01-28,15:28,82350.19,82395.39,82326.02,82337.17
2026-01-28,15:29,82331.25,82360.64,82314.88,82339.07
2026-01-29,09:15,82368.96,82386.79,82031.6,82091.0
2026-01-29,09:16,82104.44,82149.61,82055.85,82094.74
2026-01-29,09:17,82095.96,82132.86,82077.63,82089.42
2026-01-29,09:18,82096.2,82122.14,82066.22,82085.42
2026-01-29,09:19,82089.24,82110.93,82077.35,82106.96
2026-01-29,09:20,82103.17,82115.04,82057.15,82057.15
2026-01-29,15:25,82535.77,82550.11,82521.38,82536.99
2026-01-29,15:26,82544.46,82544.46,82524.92,82534.18
2026-01-29,15:27,82534.87,82548.78,82518.58,82534.87
2026-01-29,15:28,82540.65,82572.22,82529.95,82547.51
2026-01-29,15:29,82550.02,82558.18,82480.63,82532.41
2026-01-30,09:15,81947.31,82190.55,81941.03,82131.25
2026-01-30,09:16,82119.58,82183.04,82042.78,82166.68
2026-01-30,09:17,82152.96,82173.73,82119.48,82119.48
2026-01-30,09:18,82117.94,82147.36,82099.98,82131.63
2026-01-30,09:19,82133.29,82139.17,82086.71,82103.56
2026-01-30,09:20,82100.07,82100.07,82020.92,82085.32
2026-01-30,15:25,82265.6,82287.39,82256.91,82279.45
2026-01-30,15:26,82280.4,82303.28,82273.43,82297.46
2026-01-30,15:27,82298.44,82301.63,82273.31,82288.2
2026-01-30,15:28,82286.24,82325.5,82269.02,82303.74
2026-01-30,15:29,82315.91,82329.74,82261.15,82261.15
2026-02-01,09:15,82388.97,82499.5,82139.12,82156.17
2026-02-01,09:16,82189.56,82204.91,82144.09,82179.94
2026-02-01,09:17,82175.82,82236.21,82157.12,82236.21
2026-02-01,09:18,82234.74,82267.32,82220.52,82234.15
2026-02-01,09:19,82231.02,82259.5,82225.18,82225.18
2026-02-01,09:20,82232.36,82291.09,82206.08,82276.62
2026-02-01,15:25,80499.05,80515.11,80416.08,80452.32
2026-02-01,15:26,80458.48,80508.01,80452.22,80503.18
2026-02-01,15:27,80514.38,80543.71,80467.45,80543.71
2026-02-01,15:28,80545.46,80545.46,80503.78,80513.17
2026-02-01,15:29,80510.13,80555.81,80484.41,80484.41
2026-02-02,09:15,80555.68,80723.03,80480.61,80635.82
2026-02-02,09:16,80613.42,80708.59,80593.28,80663.75
2026-02-02,09:17,80664.54,80765.32,80664.54,80758.79
2026-02-02,09:18,80732.9,80765.57,80674.59,80696.15
2026-02-02,09:19,80703.46,80810.34,80702.74,80792.96
2026-02-02,09:20,80800.15,80888.97,80785.29,80844.57
2026-02-02,15:25,81643.5,81657.56,81632.9,81650.59
2026-02-02,15:26,81651.43,81681.68,81637.08,81671.54
2026-02-02,15:27,81670.79,81680.69,81644.78,81662.46
2026-02-02,15:28,81665.0,81683.61,81650.39,81653.95
2026-02-02,15:29,81652.64,81656.31,81552.02,81631.02
2026-02-03,09:15,85323.2,85871.73,83967.03,83967.6
2026-02-03,09:16,83893.1,84083.48,83893.1,83942.62
2026-02-03,09:17,83957.16,84012.55,83940.42,83952.92
2026-02-03,09:18,83936.59,83985.47,83909.38,83974.99
2026-02-03,09:19,83973.59,84037.78,83957.76,84030.46
2026-02-03,09:20,84025.49,84185.27,84022.49,84174.67
2026-02-03,15:25,83754.0,83766.94,83707.65,83711.39
2026-02-03,15:26,83709.71,83745.14,83708.33,83708.33
2026-02-03,15:27,83713.89,83730.14,83698.5,83698.5
2026-02-03,15:28,83697.92,83724.79,83689.67,83712.96
2026-02-03,15:29,83721.91,83728.2,83684.12,83703.39
2026-02-04,09:15,83252.06,83493.4,83119.95,83443.94
2026-02-04,09:16,83430.21,83516.25,83397.36,83491.86
2026-02-04,09:17,83490.46,83656.69,83476.38,83633.08
2026-02-04,09:18,83633.1,83703.2,83623.29,83678.39
2026-02-04,09:19,83694.24,83694.4,83609.54,83614.49
2026-02-04,09:20,83609.83,83668.81,83608.45,83668.81
2026-02-04,15:25,83774.37,83780.4,83764.17,83770.18
2026-02-04,15:26,83770.04,83779.54,83753.78,83754.35
2026-02-04,15:27,83754.44,83755.6,83729.37,83754.66
2026-02-04,15:28,83748.88,83757.2,83692.9,83706.45
2026-02-04,15:29,83714.03,83758.97,83697.33,83713.53
2026-02-05,09:15,83757.54,83784.17,83565.35,83671.24
2026-02-05,09:16,83653.89,83693.08,83642.58,83653.76
2026-02-05,09:17,83649.91,83737.15,83646.55,83727.58
2026-02-05,09:18,83711.47,83762.73,83705.0,83733.42
2026-02-05,09:19,83723.38,83737.3,83680.9,83694.1
2026-02-05,09:20,83693.16,83693.16,83578.42,83589.97
2026-02-05,15:25,83305.51,83338.05,83304.99,83320.64
2026-02-05,15:26,83317.2,83329.33,83310.61,83324.29
2026-02-05,15:27,83323.48,83330.1,83300.44,83306.76
2026-02-05,15:28,83305.21,83310.0,83281.52,83297.02
2026-02-05,15:29,83293.4,83324.24,83271.8,83311.38
2026-02-06,09:15,83249.32,83322.21,83088.78,83234.05
2026-02-06,09:16,83228.02,83237.62,83154.36,83158.24
2026-02-06,09:17,83162.34,83286.05,83158.89,83279.03
2026-02-06,09:18,83283.05,83330.73,83283.05,83323.14
2026-02-06,09:19,83317.95,83331.35,83244.36,83248.5
2026-02-06,09:20,83244.9,83244.9,83149.86,83186.02
2026-02-06,15:25,83581.05,83595.26,83554.31,83561.99
2026-02-06,15:26,83560.16,83572.14,83552.52,83569.59
2026-02-06,15:27,83565.59,83565.59,83543.85,83559.18
2026-02-06,15:28,83548.71,83572.79,83533.75,83549.47
2026-02-06,15:29,83546.21,83553.22,83481.54,83531.1
2026-02-09,09:15,84177.51,84314.68,83960.48,84045.02
2026-02-09,09:16,84045.09,84087.72,84024.15,84048.52
2026-02-09,09:17,84045.91,84050.08,83978.31,83992.85
2026-02-09,09:18,83996.44,84001.18,83965.34,83974.97
2026-02-09,09:19,83975.16,83996.61,83941.96,83991.19
2026-02-09,09:20,83988.83,84002.26,83960.31,83965.45
2026-02-09,15:25,84043.78,84057.6,84030.09,84032.3
2026-02-09,15:26,84031.04,84049.72,84028.45,84048.82
2026-02-09,15:27,84050.48,84067.01,84039.09,84062.47
2026-02-09,15:28,84057.05,84079.97,84032.02,84079.97
2026-02-09,15:29,84062.82,84069.57,84016.11,84043.49
2026-02-10,09:15,84210.0,84217.39,84063.47,84214.22
2026-02-10,09:16,84207.36,84301.52,84204.3,84271.67
2026-02-10,09:17,84269.57,84280.42,84253.09,84253.09
2026-02-10,09:18,84246.59,84276.21,84242.61,84265.25
2026-02-10,09:19,84270.65,84270.65,84226.63,84230.39
2026-02-10,09:20,84227.58,84249.34,84214.0,84217.01
2026-02-10,15:25,84198.82,84201.77,84184.37,84194.59
2026-02-10,15:26,84190.96,84211.74,84190.96,84211.74
2026-02-10,15:27,84207.41,84230.49,84199.47,84215.99
2026-02-10,15:28,84219.55,84221.46,84196.31,84206.75
2026-02-10,15:29,84212.63,84231.68,84189.8,84225.38
2026-02-11,09:15,84339.15,84487.34,84231.83,84389.53
2026-02-11,09:16,84382.55,84412.16,84372.72,84392.72
2026-02-11,09:17,84397.87,84450.23,84397.87,84437.37
2026-02-11,09:18,84439.4,84458.14,84428.66,84432.55
2026-02-11,09:19,84433.99,84439.43,84405.13,84409.91
2026-02-11,09:20,84410.92,84425.03,84382.94,84382.94
2026-02-11,15:25,84200.5,84234.91,84199.8,84213.97
2026-02-11,15:26,84215.07,84218.21,84188.74,84197.92
2026-02-11,15:27,84192.07,84225.18,84192.07,84219.48
2026-02-11,15:28,84219.16,84226.99,84187.91,84215.69
2026-02-11,15:29,84213.87,84229.03,84196.1,84197.97
2026-02-12,09:15,83968.43,84061.62,83901.94,83966.6
2026-02-12,09:16,83944.15,84006.61,83887.9,83893.53
2026-02-12,09:17,83916.25,83941.72,83876.07,83931.33
2026-02-12,09:18,83926.02,83926.02,83881.83,83911.88
2026-02-12,09:19,83911.18,83928.76,83898.14,83905.07
2026-02-12,09:20,83904.48,83904.48,83864.16,83891.82
2026-02-12,15:25,83616.3,83638.49,83616.3,83631.16
2026-02-12,15:26,83635.73,83639.21,83617.32,83633.9
2026-02-12,15:27,83638.58,83643.08,83599.59,83604.59
2026-02-12,15:28,83617.16,83648.59,83604.39,83626.23
2026-02-12,15:29,83620.64,83655.68,83617.3,83620.64
2026-02-13,09:15,82902.73,83079.7,82846.85,82955.96
2026-02-13,09:16,82938.59,82956.02,82905.13,82938.21
2026-02-13,09:17,82932.76,83013.52,82932.76,83005.88
2026-02-13,09:18,83001.61,83061.04,82992.18,83033.28
2026-02-13,09:19,83032.77,83044.05,82965.08,82989.06
2026-02-13,09:20,82992.11,82998.58,82952.7,82998.58
2026-02-13,15:25,82605.77,82606.3,82571.84,82597.37
2026-02-13,15:26,82610.25,82614.54,82542.52,82549.65
2026-02-13,15:27,82557.77,82577.43,82534.55,82554.12
2026-02-13,15:28,82561.68,82589.99,82548.77,82589.99
2026-02-13,15:29,82596.51,82617.94,82569.66,82591.27
2026-02-16,09:15,82480.4,82537.57,82276.95,82499.88
2026-02-16,09:16,82486.29,82587.47,82465.85,82551.06
2026-02-16,09:17,82539.65,82552.19,82527.99,82543.72
2026-02-16,09:18,82543.03,82586.82,82532.58,82550.96
2026-02-16,09:19,82551.88,82610.75,82550.0,82610.75
2026-02-16,09:20,82615.44,82643.55,82586.05,82616.52
2026-02-16,15:25,83305.21,83312.06,83285.86,83304.19
2026-02-16,15:26,83299.34,83317.01,83289.7,83292.18
2026-02-16,15:27,83293.18,83302.52,83278.34,83291.22
2026-02-16,15:28,83297.54,83307.1,83269.87,83269.87
2026-02-16,15:29,83273.51,83312.87,83251.14,83294.49
2026-02-17,09:15,83197.67,83265.44,83039.01,83084.81
2026-02-17,09:16,83083.12,83091.53,83057.5,83077.55
2026-02-17,09:17,83082.97,83093.82,83063.84,83091.38
2026-02-17,09:18,83087.7,83128.58,83084.84,83121.44
2026-02-17,09:19,83118.07,83137.44,83099.29,83137.44
2026-02-17,09:20,83125.45,83125.45,83043.95,83044.37
2026-02-17,15:25,83462.65,83464.87,83450.96,83452.16
2026-02-17,15:26,83455.97,83468.24,83443.99,83448.16
2026-02-17,15:27,83450.58,83467.71,83444.53,83452.49
2026-02-17,15:28,83458.94,83469.48,83451.33,83468.21
2026-02-17,15:29,83456.03,83472.06,83422.2,83434.1
2026-02-18,09:15,83553.59,83603.56,83400.11,83422.56
2026-02-18,09:16,83410.07,83455.65,83398.83,83442.91
2026-02-18,09:17,83440.13,83481.26,83440.13,83458.66
2026-02-18,09:18,83465.27,83475.16,83444.01,83463.22
2026-02-18,09:19,83463.52,83523.21,83461.72,83505.38
2026-02-18,09:20,83508.15,83509.63,83452.57,83452.57
2026-02-18,15:25,83723.49,83732.42,83706.16,83717.29
2026-02-18,15:26,83719.04,83728.92,83705.87,83707.08
2026-02-18,15:27,83706.84,83727.08,83701.49,83723.66
2026-02-18,15:28,83722.44,83725.55,83706.97,83714.35
2026-02-18,15:29,83710.07,83719.46,83671.55,83691.01
2026-02-19,09:15,83969.82,83979.36,83825.13,83836.5
2026-02-19,09:16,83849.47,83852.48,83785.21,83797.76
2026-02-19,09:17,83793.5,83907.68,83776.94,83874.02
2026-02-19,09:18,83868.08,83884.56,83837.57,83882.96
2026-02-19,09:19,83884.61,83884.61,83831.19,83832.91
2026-02-19,09:20,83832.82,83876.45,83821.32,83872.52
2026-02-19,15:25,82297.27,82322.72,82289.79,82309.26
2026-02-19,15:26,82315.54,82321.09,82296.16,82309.8
2026-02-19,15:27,82303.44,82316.7,82284.99,82307.35
2026-02-19,15:28,82312.62,82326.28,82275.83,82316.54
2026-02-19,15:29,82317.07,82363.0,82313.94,82348.18
2026-02-20,09:15,82272.49,82499.1,82206.21,82486.37
2026-02-20,09:16,82484.82,82550.27,82477.8,82506.06
2026-02-20,09:17,82505.0,82505.95,82413.49,82417.15
2026-02-20,09:18,82416.68,82434.27,82341.64,82400.53
2026-02-20,09:19,82401.0,82452.29,82384.47,82444.54
2026-02-20,09:20,82449.78,82490.47,82425.19,82478.12
2026-02-20,15:25,82797.56,82827.47,82797.56,82827.47
2026-02-20,15:26,82826.58,82827.92,82764.95,82764.95
2026-02-20,15:27,82764.96,82808.18,82761.74,82804.15
2026-02-20,15:28,82792.74,82844.92,82792.53,82835.42
2026-02-20,15:29,82834.43,82848.12,82794.82,82794.82
2026-02-23,09:15,82906.83,83155.89,82906.83,83068.55
2026-02-23,09:16,83062.66,83166.67,83039.57,83149.81
2026-02-23,09:17,83154.27,83250.12,83119.11,83248.75
2026-02-23,09:18,83247.73,83270.15,83198.77,83231.37
2026-02-23,09:19,83236.42,83275.0,83226.37,83248.82
2026-02-23,09:20,83251.02,83340.72,83251.02,83333.39
2026-02-23,15:25,83304.68,83319.01,83291.85,83294.76
2026-02-23,15:26,83294.48,83330.52,83293.73,83319.49
2026-02-23,15:27,83314.33,83315.49,83282.24,83287.8
2026-02-23,15:28,83299.1,83304.02,83271.63,83273.15
2026-02-23,15:29,83279.26,83293.51,83236.46,83290.81
2026-02-24,09:15,83052.54,83079.51,82882.1,82894.25
2026-02-24,09:16,82885.27,82962.16,82880.46,82952.51
2026-02-24,09:17,82957.57,82984.64,82877.95,82886.96
2026-02-24,09:18,82882.71,82883.66,82814.38,82821.74
2026-02-24,09:19,82812.68,82821.52,82782.45,82790.08
2026-02-24,09:20,82789.15,82822.84,82789.15,82803.91
2026-02-24,15:25,82270.59,82277.12,82260.18,82270.35
2026-02-24,15:26,82268.26,82280.6,82255.31,82263.8
2026-02-24,15:27,82260.31,82299.87,82246.75,82285.66
2026-02-24,15:28,82286.07,82332.86,82282.44,82326.46
2026-02-24,15:29,82326.4,82342.42,82281.9,82323.31
2026-02-25,09:15,82530.12,82784.71,82488.26,82650.22
2026-02-25,09:16,82652.94,82688.73,82604.53,82618.92
2026-02-25,09:17,82629.13,82702.59,82621.78,82632.37
2026-02-25,09:18,82634.83,82666.32,82626.92,82645.04
2026-02-25,09:19,82649.04,82699.02,82628.32,82699.02
2026-02-25,09:20,82696.13,82738.98,82696.13,82714.8
2026-02-25,15:25,82244.04,82299.31,82240.75,82297.34
2026-02-25,15:26,82295.8,82302.31,82266.1,82292.35
2026-02-25,15:27,82297.94,82304.89,82287.42,82292.29
2026-02-25,15:28,82297.79,82303.16,82271.71,82290.6
2026-02-25,15:29,82293.83,82302.39,82252.68,82274.98
2026-02-26,09:15,82418.78,82579.16,82404.65,82563.47
2026-02-26,09:16,82560.53,82560.53,82482.34,82484.59
2026-02-26,09:17,82480.95,82498.99,82430.83,82498.99
2026-02-26,09:18,82480.85,82480.85,82410.13,82411.59
2026-02-26,09:19,82409.86,82480.11,82404.57,82424.32
2026-02-26,09:20,82426.77,82465.14,82426.77,82441.81
2026-02-26,15:25,82244.54,82271.39,82244.19,82258.11
2026-02-26,15:26,82259.3,82265.43,82224.46,82232.11
2026-02-26,15:27,82230.9,82247.54,82225.12,82235.39
2026-02-26,15:28,82238.57,82248.23,82205.99,82241.68
2026-02-26,15:29,82241.41,82279.33,82230.55,82230.55
2026-02-27,09:15,82220.48,82246.17,81969.6,81984.12
2026-02-27,09:16,81978.64,82014.95,81939.67,81985.94
2026-02-27,09:17,81983.94,82010.44,81966.49,81966.49
2026-02-27,09:18,81977.72,81977.72,81883.99,81893.91
2026-02-27,09:19,81896.61,81975.03,81896.61,81925.55
2026-02-27,09:20,81924.41,81961.79,81893.52,81958.8
2026-02-27,15:25,81242.75,81270.63,81242.75,81264.72
2026-02-27,15:26,81259.57,81277.1,81242.2,81242.2
2026-02-27,15:27,81247.36,81278.19,81241.83,81256.84
2026-02-27,15:28,81262.89,81304.12,81248.4,81280.55
2026-02-27,15:29,81272.2,81334.27,81272.2,81316.53
2026-03-02,09:15,78543.73,80464.63,78543.73,80193.91
2026-03-02,09:16,80180.67,80207.67,80098.38,80100.18
2026-03-02,09:17,80117.33,80296.67,80110.4,80233.95
2026-03-02,09:18,80223.82,80280.23,80142.96,80160.92
2026-03-02,09:19,80190.69,80265.63,80181.93,80255.81
2026-03-02,09:20,80270.19,80425.37,80269.6,80407.28
2026-03-02,15:25,80222.54,80258.09,80219.96,80244.52
2026-03-02,15:26,80243.09,80289.64,80243.09,80277.93
2026-03-02,15:27,80279.05,80295.59,80245.76,80252.53
2026-03-02,15:28,80260.4,80260.4,80176.18,80176.18
2026-03-02,15:29,80184.15,80205.56,80141.24,80195.59
2026-03-04,09:15,78528.82,78928.92,78528.82,78690.81
2026-03-04,09:16,78676.96,78676.96,78493.26,78598.58
2026-03-04,09:17,78596.01,78596.45,78480.63,78545.85
2026-03-04,09:18,78547.95,78700.54,78547.95,78697.28
2026-03-04,09:19,78696.96,78739.12,78668.03,78674.1
2026-03-04,09:20,78680.92,78693.8,78631.66,78666.67
2026-03-04,15:25,79093.79,79099.57,79068.03,79077.23
2026-03-04,15:26,79074.26,79088.32,79049.79,79081.74
2026-03-04,15:27,79079.77,79118.4,79074.21,79118.3
2026-03-04,15:28,79120.69,79150.58,79103.38,79148.92
2026-03-04,15:29,79144.76,79147.85,79073.0,79120.74
2026-03-05,09:15,79530.48,79615.26,79326.02,79433.13
2026-03-05,09:16,79430.0,79625.8,79423.79,79604.49
2026-03-05,09:17,79587.52,79651.6,79587.52,79646.4
2026-03-05,09:18,79647.68,79666.46,79480.93,79504.52
2026-03-05,09:19,79513.81,79520.68,79423.59,79446.21
2026-03-05,09:20,79439.1,79461.56,79396.25,79413.65
2026-03-05,15:25,79805.05,79876.99,79795.84,79824.88
2026-03-05,15:26,79828.25,79904.72,79828.25,79889.59
2026-03-05,15:27,79892.06,79916.06,79874.44,79900.94
2026-03-05,15:28,79902.33,79913.09,79869.61,79869.61
2026-03-05,15:29,79890.89,79928.82,79874.48,79927.11
2026-03-06,09:15,79658.99,79753.03,79454.99,79498.09
2026-03-06,09:16,79476.81,79612.47,79476.81,79612.47
2026-03-06,09:17,79621.14,79623.34,79557.42,79575.84
2026-03-06,09:18,79559.7,79559.7,79485.09,79518.46
2026-03-06,09:19,79517.48,79517.48,79450.62,79472.52
2026-03-06,09:20,79473.58,79584.21,79443.47,79544.01
2026-03-06,15:25,78909.6,78933.53,78901.58,78915.0
2026-03-06,15:26,78913.29,78922.29,78900.82,78909.36
2026-03-06,15:27,78915.62,78973.65,78904.76,78969.67
2026-03-06,15:28,78971.83,78992.85,78968.93,78982.59
2026-03-06,15:29,78976.98,79012.72,78973.38,78988.3
2026-03-09,09:15,77056.75,77333.85,76733.07,77078.02
2026-03-09,09:16,77084.7,77084.7,76869.74,76869.88
2026-03-09,09:17,76885.58,76885.58,76702.53,76708.65
2026-03-09,09:18,76720.32,76764.17,76608.17,76629.22
2026-03-09,09:19,76635.53,76724.57,76573.01,76688.6
2026-03-09,09:20,76679.3,76705.85,76619.6,76654.06
2026-03-09,15:25,77545.04,77553.76,77506.23,77526.0
2026-03-09,15:26,77530.62,77547.14,77524.83,77533.66
2026-03-09,15:27,77534.04,77534.57,77505.98,77512.56
2026-03-09,15:28,77506.46,77506.46,77478.1,77486.18
2026-03-09,15:29,77500.13,77528.04,77488.32,77509.95
2026-03-10,09:15,78375.73,78526.25,78100.42,78133.92
2026-03-10,09:16,78137.93,78176.04,78117.41,78159.03
2026-03-10,09:17,78161.57,78161.57,78015.84,78069.98
2026-03-10,09:18,78059.16,78059.16,77992.25,77992.25
2026-03-10,09:19,77994.23,78005.42,77959.1,77967.6
2026-03-10,09:20,77966.5,77981.85,77920.46,77975.5
2026-03-10,15:25,78302.36,78322.9,78296.21,78307.69
2026-03-10,15:26,78307.66,78333.71,78307.66,78320.85
2026-03-10,15:27,78321.09,78323.35,78301.54,78305.62
2026-03-10,15:28,78303.7,78312.56,78287.04,78291.2
2026-03-10,15:29,78281.69,78323.05,78270.21,78293.1
2026-03-11,09:15,78238.91,78265.95,78073.43,78121.91
2026-03-11,09:16,78120.15,78220.48,78120.15,78173.14
2026-03-11,09:17,78185.53,78292.78,78183.66,78273.73
2026-03-11,09:18,78270.57,78306.46,78249.48,78284.55
2026-03-11,09:19,78290.5,78320.69,78266.18,78308.23
2026-03-11,09:20,78308.92,78323.16,78281.63,78316.04
2026-03-11,15:25,76827.55,76833.26,76805.88,76816.73
2026-03-11,15:26,76837.95,76837.95,76797.36,76798.5
2026-03-11,15:27,76805.05,76805.05,76759.26,76772.47
2026-03-11,15:28,76772.53,76799.05,76767.44,76788.5
2026-03-11,15:29,76788.16,76822.3,76784.52,76797.55
2026-03-12,09:15,76369.65,76369.65,75890.53,75930.2
2026-03-12,09:16,75933.88,75996.68,75885.82,75909.07
2026-03-12,09:17,75911.86,75950.12,75871.18,75891.7
2026-03-12,09:18,75888.5,75933.95,75885.44,75918.16
2026-03-12,09:19,75921.14,75931.49,75896.85,75907.94
2026-03-12,09:20,75904.45,75992.57,75899.2,75992.57
2026-03-12,15:25,76016.35,76047.59,76005.25,76008.83
2026-03-12,15:26,76008.97,76057.37,76005.15,76044.32
2026-03-12,15:27,76041.66,76060.19,76026.7,76044.27
2026-03-12,15:28,76036.89,76052.3,76022.9,76043.62
2026-03-12,15:29,76036.04,76088.33,76029.2,76076.41
2026-03-13,09:15,75444.22,75542.33,75335.79,75489.75
2026-03-13,09:16,75473.44,75526.58,75428.48,75441.86
2026-03-13,09:17,75430.21,75475.07,75428.34,75462.67
2026-03-13,09:18,75457.48,75515.21,75431.18,75437.23
2026-03-13,09:19,75427.79,75437.67,75407.58,75416.31
2026-03-13,09:20,75420.5,75425.95,75330.89,75344.82
2026-03-13,15:25,74534.24,74570.1,74531.47,74562.32
2026-03-13,15:26,74568.29,74592.17,74562.85,74582.41
2026-03-13,15:27,74577.17,74596.89,74574.44,74592.9
2026-03-13,15:28,74582.64,74602.75,74571.5,74594.73
2026-03-13,15:29,74596.27,74657.67,74585.78,74646.63
2026-03-16,09:15,74415.79,74846.99,74384.61,74573.06
2026-03-16,09:16,74594.97,74641.23,74456.65,74456.65
2026-03-16,09:17,74473.22,74530.27,74430.02,74473.33
2026-03-16,09:18,74477.03,74575.78,74458.11,74575.78
2026-03-16,09:19,74582.13,74648.2,74573.49,74593.5
2026-03-16,09:20,74612.28,74650.51,74575.73,74600.25
2026-03-16,15:25,75333.24,75339.2,75322.49,75322.49
2026-03-16,15:26,75323.05,75332.81,75312.59,75319.54
2026-03-16,15:27,75319.56,75323.32,75297.49,75309.25
2026-03-16,15:28,75314.2,75332.28,75278.69,75278.69
2026-03-16,15:29,75290.89,75346.22,75280.42,75306.97
2026-03-17,09:15,75826.68,75833.36,75484.0,75502.82
2026-03-17,09:16,75493.28,75497.66,75443.94,75492.0
2026-03-17,09:17,75490.54,75493.64,75358.51,75413.41
2026-03-17,09:18,75412.36,75456.04,75406.62,75448.76
2026-03-17,09:19,75448.65,75544.08,75444.02,75480.99
2026-03-17,09:20,75470.59,75475.22,75410.54,75423.17
2026-03-17,15:25,75988.54,75991.97,75969.0,75984.91
2026-03-17,15:26,75986.19,75987.28,75968.57,75980.52
2026-03-17,15:27,75980.54,76011.56,75980.54,76000.01
2026-03-17,15:28,75999.92,76028.06,75992.48,75992.48
2026-03-17,15:29,75995.66,76024.35,75955.48,76006.31
2026-03-18,09:15,76367.55,76392.06,76187.92,76343.96
2026-03-18,09:16,76342.93,76489.04,76342.93,76489.04
2026-03-18,09:17,76485.38,76545.63,76469.02,76532.05
2026-03-18,09:18,76528.49,76530.7,76497.7,76504.17
2026-03-18,09:19,76513.0,76541.84,76504.43,76538.0
2026-03-18,09:20,76533.68,76589.68,76532.82,76564.17
2026-03-18,15:25,76643.36,76695.92,76617.0,76681.63
2026-03-18,15:26,76683.28,76696.83,76638.47,76658.24
2026-03-18,15:27,76649.16,76691.25,76640.88,76673.5
2026-03-18,15:28,76671.49,76691.32,76653.45,76661.45
2026-03-18,15:29,76651.16,76709.49,76651.16,76678.3
2026-03-19,09:15,74750.92,75354.18,74685.52,75281.11
2026-03-19,09:16,75261.74,75261.74,75040.89,75133.25
2026-03-19,09:17,75140.65,75183.69,75101.76,75121.93
2026-03-19,09:18,75134.39,75176.29,75092.55,75102.5
2026-03-19,09:19,75104.8,75140.14,75082.45,75099.61
2026-03-19,09:20,75104.26,75105.05,75046.09,75052.66
2026-03-19,15:25,74410.97,74448.5,74410.97,74447.75
2026-03-19,15:26,74444.54,74450.64,74421.27,74438.79
2026-03-19,15:27,74433.77,74445.76,74403.44,74416.49
2026-03-19,15:28,74411.73,74455.66,74390.39,74455.66
2026-03-19,15:29,74464.6,74504.27,74433.29,74504.27
2026-03-20,09:15,74559.38,74934.36,74535.26,74896.27
2026-03-20,09:16,74890.6,75057.68,74890.6,75015.39
2026-03-20,09:17,75018.33,75098.64,74991.62,75079.7
2026-03-20,09:18,75085.91,75102.19,75037.72,75047.88
2026-03-20,09:19,75059.59,75124.73,75052.49,75121.96
2026-03-20,09:20,75116.17,75184.01,75116.17,75165.13
2026-03-20,15:25,74523.96,74558.44,74506.73,74558.44
2026-03-20,15:26,74547.35,74573.41,74545.72,74569.2
2026-03-20,15:27,74558.29,74561.69,74531.74,74537.8
2026-03-20,15:28,74530.84,74603.72,74509.89,74598.82
2026-03-20,15:29,74598.1,74629.68,74586.13,74595.78
2026-03-23,09:15,73732.58,73732.58,73046.08,73054.61
2026-03-23,09:16,73050.14,73135.09,72977.34,73130.0
2026-03-23,09:17,73168.18,73204.23,73162.67,73183.61
2026-03-23,09:18,73179.87,73200.43,73121.71,73147.22
2026-03-23,09:19,73145.17,73165.94,73117.2,73149.37
2026-03-23,09:20,73136.8,73200.62,73112.11,73200.62
2026-03-23,15:25,72639.92,72650.36,72615.21,72630.38
2026-03-23,15:26,72635.16,72645.91,72627.27,72634.78
2026-03-23,15:27,72637.75,72648.19,72617.85,72629.35
2026-03-23,15:28,72630.08,72630.96,72601.55,72610.74
2026-03-23,15:29,72609.59,72648.71,72583.09,72619.69
2026-03-24,09:15,74212.47,74212.47,73706.77,73760.09
2026-03-24,09:16,73756.14,73811.17,73551.97,73567.55
2026-03-24,09:17,73585.51,73655.87,73573.69,73652.62
2026-03-24,09:18,73641.11,73675.48,73517.93,73548.69
2026-03-24,09:19,73554.01,73561.07,73492.1,73532.64
2026-03-24,09:20,73534.62,73558.56,73507.35,73507.74
2026-03-24,15:25,74123.12,74170.96,74122.44,74170.96
2026-03-24,15:26,74171.07,74188.38,74163.89,74188.38
2026-03-24,15:27,74189.17,74202.47,74177.78,74180.61
2026-03-24,15:28,74179.25,74223.52,74179.25,74218.54
2026-03-24,15:29,74215.8,74225.54,74171.83,74225.54
2026-03-25,09:15,74652.01,74794.92,74550.47,74771.43
2026-03-25,09:16,74775.22,74840.35,74738.54,74831.84
2026-03-25,09:17,74842.16,74876.05,74820.72,74864.16
2026-03-25,09:18,74857.46,74873.01,74790.82,74790.82
2026-03-25,09:19,74778.51,74845.42,74759.3,74826.86
2026-03-25,09:20,74833.51,74916.26,74833.51,74893.2
2026-03-25,15:25,75243.68,75248.85,75223.79,75224.71
2026-03-25,15:26,75220.81,75242.31,75207.36,75242.31
2026-03-25,15:27,75244.08,75266.21,75229.52,75242.62
2026-03-25,15:28,75239.44,75253.26,75229.33,75239.45
2026-03-25,15:29,75243.75,75285.16,75230.73,75285.16
2026-03-27,09:15,74883.79,74904.91,74494.62,74516.69
2026-03-27,09:16,74524.91,74541.66,74410.66,74527.47
2026-03-27,09:17,74509.82,74554.29,74475.34,74475.41
2026-03-27,09:18,74475.94,74477.53,74388.88,74393.57
2026-03-27,09:19,74387.02,74414.28,74368.89,74406.88
2026-03-27,09:20,74397.37,74426.7,74346.53,74402.59
2026-03-27,15:25,73563.9,73584.71,73542.79,73562.6
2026-03-27,15:26,73561.78,73590.79,73551.4,73579.4
2026-03-27,15:27,73574.62,73596.04,73559.57,73593.15
2026-03-27,15:28,73598.96,73618.6,73581.43,73603.42
2026-03-27,15:29,73624.56,73676.74,73587.82,73664.15
2026-03-30,09:15,72565.22,72848.87,72403.38,72455.18
2026-03-30,09:16,72448.69,72511.52,72391.98,72413.86
2026-03-30,09:17,72429.43,72565.93,72429.43,72538.31
2026-03-30,09:18,72545.68,72617.51,72540.19,72560.1
2026-03-30,09:19,72561.61,72583.69,72519.82,72556.77
2026-03-30,09:20,72565.86,72579.58,72494.45,72520.29
2026-03-30,15:25,72105.23,72107.84,72072.31,72079.73
2026-03-30,15:26,72081.5,72095.27,72071.25,72085.17
2026-03-30,15:27,72085.09,72105.71,72057.1,72057.1
2026-03-30,15:28,72055.84,72073.74,72043.1,72060.01
2026-03-30,15:29,72066.83,72164.82,72048.61,72100.15
2026-04-01,09:15,73762.43,73847.08,73565.6,73646.16
2026-04-01,09:16,73663.19,73675.8,73546.51,73599.08
2026-04-01,09:17,73589.02,73731.68,73588.06,73731.68
2026-04-01,09:18,73727.69,73796.18,73709.27,73775.81
2026-04-01,09:19,73776.56,73788.18,73752.65,73765.06
2026-04-01,09:20,73771.95,73821.0,73765.35,73795.97
2026-04-01,15:25,73155.14,73171.37,73135.18,73137.76
2026-04-01,15:26,73141.35,73201.05,73132.58,73193.91
2026-04-01,15:27,73191.64,73216.07,73165.5,73179.29
2026-04-01,15:28,73191.1,73202.03,73138.3,73144.97
2026-04-01,15:29,73147.18,73251.23,73146.41,73245.56
2026-04-02,09:15,72262.05,72262.05,71654.54,71667.5
2026-04-02,09:16,71664.51,71783.19,71608.48,71731.93
2026-04-02,09:17,71750.84,71838.74,71750.84,71782.78
2026-04-02,09:18,71775.82,71777.34,71719.46,71726.11
2026-04-02,09:19,71715.31,71728.62,71654.65,71660.11
2026-04-02,09:20,71666.13,71696.73,71635.61,71688.15
2026-04-02,15:25,73233.06,73252.17,73157.31,73221.42
2026-04-02,15:26,73232.36,73297.36,73232.36,73291.84
2026-04-02,15:27,73288.89,73303.7,73251.79,73264.38
2026-04-02,15:28,73267.6,73280.54,73253.35,73261.17
2026-04-02,15:29,73267.02,73324.54,73251.05,73315.38
2026-04-06,09:15,73477.53,73588.75,73209.36,73250.66
2026-04-06,09:16,73223.51,73270.19,73137.42,73159.84
2026-04-06,09:17,73170.42,73173.62,72993.18,73041.16
2026-04-06,09:18,73049.49,73055.06,72914.16,72952.09
2026-04-06,09:19,72960.42,73120.32,72960.42,73120.32
2026-04-06,09:20,73152.14,73272.91,73152.14,73182.28
2026-04-06,15:25,74117.2,74120.83,74092.36,74113.5
2026-04-06,15:26,74108.59,74118.28,74095.82,74106.14
2026-04-06,15:27,74114.29,74118.61,74095.15,74116.93
2026-04-06,15:28,74122.18,74123.13,74086.34,74110.29
2026-04-06,15:29,74093.38,74102.11,74068.95,74080.73
2026-04-07,09:15,73734.36,73748.52,73282.41,73455.03
2026-04-07,09:16,73454.67,73461.34,73354.37,73363.01
2026-04-07,09:17,73369.47,73473.99,73361.19,73460.57
2026-04-07,09:18,73448.29,73499.04,73442.49,73451.93
2026-04-07,09:19,73456.18,73506.36,73425.62,73441.52
2026-04-07,09:20,73436.11,73436.77,73404.69,73428.52
2026-04-07,15:25,74642.79,74651.73,74628.35,74640.22
2026-04-07,15:26,74638.41,74674.26,74638.41,74664.83
2026-04-07,15:27,74659.51,74686.32,74637.84,74676.6
2026-04-07,15:28,74683.15,74683.15,74642.53,74648.48
2026-04-07,15:29,74649.84,74659.25,74609.53,74623.35
2026-04-08,09:15,77290.63,77392.31,77042.15,77063.8
2026-04-08,09:16,77068.72,77232.27,77068.72,77161.91
2026-04-08,09:17,77171.46,77250.71,77135.98,77249.25
2026-04-08,09:18,77233.51,77264.2,77207.02,77250.93
2026-04-08,09:19,77261.53,77278.63,77212.21,77278.63
2026-04-08,09:20,77267.38,77346.89,77258.79,77306.09
2026-04-08,15:25,77590.63,77602.99,77582.53,77596.01
2026-04-08,15:26,77596.26,77610.31,77581.99,77604.66
2026-04-08,15:27,77609.86,77612.27,77593.71,77598.03
2026-04-08,15:28,77607.09,77626.29,77595.57,77620.95
2026-04-08,15:29,77631.88,77635.54,77596.46,77600.43
2026-04-09,09:15,77319.33,77326.52,76950.0,76978.86
2026-04-09,09:16,77001.65,77137.75,76985.56,77125.25
2026-04-09,09:17,77123.36,77236.22,77111.51,77185.16
2026-04-09,09:18,77189.77,77223.72,77185.14,77207.97
2026-04-09,09:19,77208.85,77272.52,77202.22,77272.52
2026-04-09,09:20,77266.54,77328.17,77239.94,77311.71
2026-04-09,15:25,76675.71,76677.46,76649.7,76659.98
2026-04-09,15:26,76659.0,76695.89,76657.57,76678.27
2026-04-09,15:27,76674.27,76698.1,76617.4,76629.64
2026-04-09,15:28,76622.16,76661.39,76619.06,76627.0
2026-04-09,15:29,76624.98,76640.6,76602.99,76615.68
2026-04-10,09:15,77121.01,77121.01,76851.16,76999.11
2026-04-10,09:16,77003.48,77163.99,77003.48,77144.74
2026-04-10,09:17,77140.69,77174.34,77124.18,77146.07
2026-04-10,09:18,77150.29,77198.45,77138.17,77147.42
2026-04-10,09:19,77148.23,77223.47,77142.67,77220.63
2026-04-10,09:20,77217.71,77261.73,77187.07,77204.4
2026-04-10,15:25,77559.82,77562.0,77544.84,77548.21
2026-04-10,15:26,77551.73,77567.65,77544.67,77564.12
2026-04-10,15:27,77565.06,77574.04,77557.26,77565.47
2026-04-10,15:28,77567.04,77577.79,77542.86,77549.19
2026-04-10,15:29,77557.71,77563.8,77515.29,77537.29
2026-04-13,09:15,75937.16,76339.3,75906.79,76102.49
2026-04-13,09:16,76093.61,76102.62,75874.85,75957.15
2026-04-13,09:17,75964.19,76020.02,75921.66,75925.21
2026-04-13,09:18,75923.92,75936.3,75868.32,75908.08
2026-04-13,09:19,75908.81,75965.5,75908.81,75956.79
2026-04-13,09:20,75950.64,75966.46,75923.43,75938.11
2026-04-13,15:25,76786.1,76807.78,76777.93,76807.78
2026-04-13,15:26,76786.95,76811.28,76779.77,76790.06
2026-04-13,15:27,76791.43,76795.62,76777.29,76788.91
2026-04-13,15:28,76788.54,76811.18,76777.83,76777.83
2026-04-13,15:29,76776.89,76804.69,76757.6,76796.94
2026-04-15,09:15,77981.1,78270.42,77913.11,78178.23
2026-04-15,09:16,78178.2,78183.68,78109.69,78150.54
2026-04-15,09:17,78144.57,78169.28,78097.36,78129.35
2026-04-15,09:18,78137.08,78171.38,78108.25,78145.9
2026-04-15,09:19,78137.84,78141.19,78104.29,78127.01
2026-04-15,09:20,78122.41,78143.1,78114.49,78121.41
2026-04-15,15:25,78097.02,78110.34,78080.74,78091.17
2026-04-15,15:26,78090.17,78095.43,78063.28,78078.34
2026-04-15,15:27,78068.12,78079.02,78054.81,78067.66
2026-04-15,15:28,78070.69,78088.43,78038.09,78083.28
2026-04-15,15:29,78077.75,78089.17,78030.89,78052.34
2026-04-16,09:15,78677.56,78677.56,78480.99,78553.49
2026-04-16,09:16,78552.08,78600.08,78531.26,78583.89
2026-04-16,09:17,78581.42,78637.55,78581.42,78637.45
2026-04-16,09:18,78628.7,78628.82,78592.45,78628.82
2026-04-16,09:19,78626.02,78691.3,78626.02,78673.14
2026-04-16,09:20,78676.25,78700.6,78637.07,78660.91
2026-04-16,15:25,77977.25,77989.55,77959.24,77973.57
2026-04-16,15:26,77971.16,77981.89,77966.59,77976.23
2026-04-16,15:27,77979.28,77985.07,77965.73,77974.1
2026-04-16,15:28,77969.49,77976.18,77949.52,77956.39
2026-04-16,15:29,77952.61,77969.1,77940.0,77951.47
2026-04-17,09:15,77976.13,77987.82,77726.23,77928.86
2026-04-17,09:16,77946.1,78130.88,77898.67,77913.17
2026-04-17,09:17,77916.28,78107.17,77914.09,78085.4
2026-04-17,09:18,78085.26,78134.21,78085.26,78109.02
2026-04-17,09:19,78112.04,78127.33,78071.52,78091.7
2026-04-17,09:20,78109.34,78146.16,78093.91,78142.88
2026-04-17,15:25,78537.73,78541.37,78516.07,78522.29
2026-04-17,15:26,78522.92,78525.61,78509.61,78518.12
2026-04-17,15:27,78518.3,78521.31,78510.15,78515.5
2026-04-17,15:28,78520.42,78533.6,78506.85,78525.45
2026-04-17,15:29,78518.42,78553.45,78507.59,78522.33
2026-04-20,09:15,78632.9,78730.18,78261.36,78348.2
2026-04-20,09:16,78357.57,78414.87,78203.3,78299.0
2026-04-20,09:17,78307.69,78451.73,78282.69,78441.28
2026-04-20,09:18,78442.18,78458.86,78362.46,78383.39
2026-04-20,09:19,78372.15,78491.35,78372.15,78488.35
2026-04-20,09:20,78496.19,78582.22,78496.19,78578.38
2026-04-20,15:25,78379.49,78436.8,78374.4,78427.1
2026-04-20,15:26,78421.39,78450.0,78421.39,78436.84
2026-04-20,15:27,78441.93,78447.51,78428.78,78442.09
2026-04-20,15:28,78435.57,78451.2,78429.63,78432.08
2026-04-20,15:29,78434.33,78439.65,78405.64,78435.12
2026-04-21,09:15,78617.16,78763.3,78522.96,78761.64
2026-04-21,09:16,78769.43,78860.08,78767.64,78827.13
2026-04-21,09:17,78815.0,78840.84,78792.57,78834.05
2026-04-21,09:18,78840.99,78888.05,78840.97,78872.82
2026-04-21,09:19,78868.57,78920.69,78863.84,78896.6
2026-04-21,09:20,78900.49,78966.12,78900.49,78938.01
2026-04-21,15:25,79279.94,79293.84,79275.53,79275.53
2026-04-21,15:26,79275.56,79279.84,79256.92,79259.65
2026-04-21,15:27,79259.15,79270.53,79257.93,79265.68
2026-04-21,15:28,79264.28,79280.91,79252.91,79252.91
2026-04-21,15:29,79258.74,79297.85,79236.61,79278.77
2026-04-22,09:15,79019.34,79031.03,78779.21,78921.38
2026-04-22,09:16,78907.44,78989.08,78858.4,78972.43
2026-04-22,09:17,78961.67,79005.37,78953.33,78979.7
2026-04-22,09:18,78977.36,78979.46,78914.6,78947.68
2026-04-22,09:19,78945.61,78945.61,78893.82,78910.08
2026-04-22,09:20,78898.64,78903.85,78878.03,78895.73
2026-04-22,15:25,78483.29,78488.29,78454.2,78459.68
2026-04-22,15:26,78457.11,78473.73,78452.77,78460.53
2026-04-22,15:27,78454.04,78482.05,78445.61,78454.55
2026-04-22,15:28,78461.46,78468.97,78446.29,78468.97
2026-04-22,15:29,78460.53,78509.6,78446.31,78500.25
2026-04-23,09:15,77983.66,77984.28,77693.06,77728.63
2026-04-23,09:16,77726.19,77878.1,77701.63,77876.27
2026-04-23,09:17,77883.65,77910.04,77865.98,77883.44
2026-04-23,09:18,77884.24,77903.28,77831.19,77877.77
2026-04-23,09:19,77884.21,77904.19,77868.79,77877.3
2026-04-23,09:20,77866.93,77892.44,77842.23,77892.44
2026-04-23,15:25,77653.92,77666.16,77638.17,77641.06
2026-04-23,15:26,77643.88,77650.6,77608.57,77630.26
2026-04-23,15:27,77630.23,77648.23,77624.56,77639.1
2026-04-23,15:28,77638.8,77648.29,77621.12,77621.12
2026-04-23,15:29,77619.22,77640.02,77595.87,77611.25
2026-04-24,09:15,77483.8,77710.82,77412.95,77524.75
2026-04-24,09:16,77531.5,77552.91,77482.02,77517.13
2026-04-24,09:17,77516.51,77519.8,77427.18,77442.63
2026-04-24,09:18,77444.37,77476.35,77418.94,77429.85
2026-04-24,09:19,77430.0,77489.24,77430.0,77469.32
2026-04-24,09:20,77467.26,77468.51,77362.47,77365.88
2026-04-24,15:25,76699.52,76704.1,76674.36,76690.33
2026-04-24,15:26,76688.07,76711.61,76687.11,76711.61
2026-04-24,15:27,76710.64,76723.75,76699.36,76702.53
2026-04-24,15:28,76698.62,76705.32,76679.42,76694.49
2026-04-24,15:29,76692.5,76709.58,76668.2,76680.63
2026-04-27,09:15,76856.05,77121.97,76754.2,77096.72
2026-04-27,09:16,77077.17,77155.35,77025.78,77050.99
2026-04-27,09:17,77062.54,77062.54,76972.58,76974.64
2026-04-27,09:18,76978.56,77080.78,76978.56,77074.29
2026-04-27,09:19,77075.13,77079.65,77013.62,77058.56
2026-04-27,09:20,77055.7,77126.61,77055.7,77125.63
2026-04-27,15:25,77293.12,77295.71,77273.82,77278.33
2026-04-27,15:26,77285.67,77299.89,77281.14,77296.75
2026-04-27,15:27,77290.26,77297.86,77277.97,77284.77
2026-04-27,15:28,77284.01,77343.95,77284.01,77340.64
2026-04-27,15:29,77342.88,77363.76,77333.75,77360.32
2026-04-28,09:15,77094.79,77153.19,76973.54,77079.86
2026-04-28,09:16,77081.76,77191.83,77067.12,77172.37
2026-04-28,09:17,77176.49,77217.95,77171.6,77171.6
2026-04-28,09:18,77167.71,77193.39,77136.87,77191.77
2026-04-28,09:19,77194.27,77236.56,77194.18,77229.74
2026-04-28,09:20,77232.91,77280.34,77229.81,77243.84
2026-04-28,15:25,76835.2,76907.37,76834.13,76907.26
2026-04-28,15:26,76901.71,76913.12,76881.49,76900.12
2026-04-28,15:27,76901.99,76932.43,76894.55,76919.08
2026-04-28,15:28,76924.93,76953.84,76911.94,76945.9
2026-04-28,15:29,76949.58,76986.94,76947.21,76964.64
2026-04-29,09:15,77245.83,77288.53,77178.1,77243.0
2026-04-29,09:16,77235.66,77274.3,77221.36,77267.04
2026-04-29,09:17,77278.02,77282.31,77235.23,77277.6
2026-04-29,09:18,77279.06,77290.45,77183.67,77183.86
2026-04-29,09:19,77189.55,77204.75,77161.23,77198.48
2026-04-29,09:20,77212.18,77307.03,77212.18,77301.57
2026-04-29,15:25,77448.7,77461.04,77431.4,77456.71
2026-04-29,15:26,77458.22,77458.22,77402.81,77437.03
2026-04-29,15:27,77441.74,77447.61,77407.56,77444.02
2026-04-29,15:28,77447.5,77463.05,77425.46,77454.45
2026-04-29,15:29,77456.71,77524.97,77437.24,77493.76
2026-04-30,09:15,77014.21,77014.21,76759.37,76854.16
2026-04-30,09:16,76851.91,76875.33,76786.65,76798.17
2026-04-30,09:17,76779.06,76808.37,76775.8,76808.37
2026-04-30,09:18,76811.82,76818.42,76778.55,76790.26
2026-04-30,09:19,76806.65,76806.69,76757.18,76765.29
2026-04-30,09:20,76767.34,76784.62,76674.57,76682.03
2026-04-30,15:25,76998.24,77007.79,76985.5,76998.52
2026-04-30,15:26,76998.39,77040.04,76996.72,77024.88
2026-04-30,15:27,77023.27,77061.57,77018.8,77061.57
2026-04-30,15:28,77059.02,77112.91,77053.69,77109.47
2026-04-30,15:29,77097.62,77140.06,77081.43,77135.28
2026-05-04,09:15,77257.27,77746.79,77229.89,77551.11
2026-05-04,09:16,77559.0,77573.18,77464.78,77510.7
2026-05-04,09:17,77507.1,77546.43,77426.26,77426.26
2026-05-04,09:18,77431.09,77556.61,77431.09,77556.61
2026-05-04,09:19,77560.05,77560.05,77493.16,77504.17
2026-05-04,09:20,77509.7,77601.72,77506.01,77574.47
2026-05-04,15:25,77285.92,77291.78,77274.18,77274.18
2026-05-04,15:26,77277.27,77301.18,77266.3,77301.18
2026-05-04,15:27,77303.22,77323.45,77293.41,77298.85
2026-05-04,15:28,77299.88,77318.87,77286.55,77311.58
2026-05-04,15:29,77311.2,77316.44,77290.11,77304.89
2026-05-05,09:15,77103.72,77110.67,76745.16,76926.61
2026-05-05,09:16,76913.63,77001.57,76913.33,76979.01
2026-05-05,09:17,76982.61,77054.45,76976.92,76997.87
2026-05-05,09:18,77009.52,77049.01,76986.38,77049.01
2026-05-05,09:19,77057.16,77122.79,77057.16,77112.98
2026-05-05,09:20,77113.75,77140.97,77051.51,77055.01
2026-05-05,15:25,77029.85,77060.46,77028.64,77059.55
2026-05-05,15:26,77058.36,77077.33,77055.89,77062.24
2026-05-05,15:27,77061.71,77083.98,77051.94,77076.7
2026-05-05,15:28,77080.11,77092.01,77062.26,77062.48
2026-05-05,15:29,77062.45,77105.48,77058.09,77085.95
2026-05-06,09:15,77424.36,77675.01,77376.2,77542.4
2026-05-06,09:16,77539.36,77573.62,77511.34,77541.26
2026-05-06,09:17,77556.06,77559.68,77505.65,77505.65
2026-05-06,09:18,77498.23,77509.49,77440.16,77454.08
2026-05-06,09:19,77449.72,77449.72,77419.36,77432.48
2026-05-06,09:20,77434.3,77478.97,77434.04,77443.0
2026-05-06,15:25,77971.45,77980.9,77959.48,77975.34
2026-05-06,15:26,77979.75,77982.2,77953.28,77967.41
2026-05-06,15:27,77962.11,77991.35,77957.06,77979.04
2026-05-06,15:28,77981.6,78016.05,77972.87,78000.91
2026-05-06,15:29,77993.11,78013.18,77974.74,77974.74
2026-05-07,09:15,78339.24,78339.24,78074.92,78125.78
2026-05-07,09:16,78122.52,78125.07,78013.15,78071.21
2026-05-07,09:17,78068.31,78107.51,78040.32,78047.57
2026-05-07,09:18,78042.65,78042.65,77909.16,77923.31
2026-05-07,09:19,77923.45,77949.04,77873.82,77874.79
2026-05-07,09:20,77870.63,77913.2,77860.2,77898.07
2026-05-07,15:25,77833.55,77863.81,77827.12,77863.81
2026-05-07,15:26,77857.31,77915.83,77857.31,77880.37
2026-05-07,15:27,77877.56,77901.54,77871.39,77893.5
2026-05-07,15:28,77893.06,77896.88,77881.74,77888.04
2026-05-07,15:29,77881.96,77905.71,77872.52,77886.09
2026-05-08,09:15,77631.94,77647.44,77320.67,77458.55
2026-05-08,09:16,77443.75,77443.75,77291.72,77399.2
2026-05-08,09:17,77394.25,77459.51,77377.47,77459.51
2026-05-08,09:18,77462.45,77462.82,77414.59,77431.35
2026-05-08,09:19,77437.95,77512.47,77432.95,77489.78
2026-05-08,09:20,77491.96,77506.39,77464.58,77506.39
2026-05-08,15:25,77310.18,77334.07,77307.19,77326.18
2026-05-08,15:26,77328.77,77336.33,77313.19,77314.85
2026-05-08,15:27,77317.29,77342.49,77313.11,77322.41
2026-05-08,15:28,77321.75,77339.24,77312.71,77339.24
2026-05-08,15:29,77335.79,77350.81,77318.39,77345.81
2026-05-11,09:15,76638.09,76678.52,76384.65,76506.12
2026-05-11,09:16,76515.74,76524.54,76442.16,76509.74
2026-05-11,09:17,76518.64,76529.33,76437.48,76452.92
2026-05-11,09:18,76448.95,76448.95,76400.51,76417.58
2026-05-11,09:19,76412.9,76454.55,76391.01,76424.65
2026-05-11,09:20,76421.77,76427.69,76365.57,76396.29
2026-05-11,15:25,76001.67,76014.38,75983.39,76002.89
2026-05-11,15:26,76003.71,76021.15,75999.42,76017.41
2026-05-11,15:27,76019.85,76019.85,75987.13,75996.9
2026-05-11,15:28,76001.3,76023.12,75983.44,76004.77
2026-05-11,15:29,76005.06,76036.61,75985.6,76033.38
2026-05-12,09:15,75688.39,75741.96,75631.77,75649.77
2026-05-12,09:16,75650.81,75692.82,75569.64,75570.69
2026-05-12,09:17,75557.77,75613.82,75541.11,75604.9
2026-05-12,09:18,75614.93,75642.03,75560.71,75576.69
2026-05-12,09:19,75576.74,75685.23,75570.24,75676.87
2026-05-12,09:20,75679.76,75680.12,75587.33,75630.07
2026-05-12,15:25,74589.06,74598.07,74575.81,74583.67
2026-05-12,15:26,74584.59,74633.42,74581.57,74632.58
2026-05-12,15:27,74624.43,74692.03,74624.43,74692.03
2026-05-12,15:28,74691.6,74715.52,74677.04,74681.15
2026-05-12,15:29,74680.12,74739.34,74678.11,74725.29
2026-05-13,09:15,74439.34,74981.34,74439.34,74783.6
2026-05-13,09:16,74803.67,74852.02,74618.79,74660.55
2026-05-13,09:17,74675.74,74736.9,74637.54,74651.14
2026-05-13,09:18,74643.79,74718.29,74620.93,74708.61
2026-05-13,09:19,74717.75,74717.75,74592.29,74628.16
2026-05-13,09:20,74631.01,74680.66,74625.55,74653.11
2026-05-13,15:25,74579.38,74589.23,74572.38,74577.93
2026-05-13,15:26,74581.47,74623.76,74577.54,74616.59
2026-05-13,15:27,74615.64,74616.66,74579.65,74615.92
2026-05-13,15:28,74615.83,74638.31,74591.11,74638.31
2026-05-13,15:29,74640.96,74680.07,74629.81,74668.74
2026-05-14,09:15,74947.12,75067.09,74908.77,74925.51
2026-05-14,09:16,74919.38,75015.58,74857.83,74918.38
2026-05-14,09:17,74914.34,75018.63,74904.22,75018.63
2026-05-14,09:18,75021.93,75059.5,74977.27,74981.44
2026-05-14,09:19,74979.11,74999.87,74953.64,74982.56
2026-05-14,09:20,74979.24,75043.65,74956.66,74963.45
2026-05-14,15:25,75432.41,75432.41,75395.02,75395.02
2026-05-14,15:26,75394.34,75439.53,75389.85,75435.46
2026-05-14,15:27,75434.84,75473.06,75428.11,75470.05
2026-05-14,15:28,75472.8,75498.74,75463.1,75491.86
2026-05-14,15:29,75485.56,75493.75,75459.57,75478.15
2026-05-15,09:15,75497.1,75666.01,75343.0,75359.02
2026-05-15,09:16,75356.51,75448.64,75251.15,75436.24
2026-05-15,09:17,75433.7,75522.8,75420.52,75467.61
2026-05-15,09:18,75466.62,75562.69,75460.3,75528.21
2026-05-15,09:19,75523.86,75527.55,75475.28,75475.28
2026-05-15,09:20,75468.72,75508.76,75449.82,75453.35
2026-05-15,15:25,75212.52,75222.35,75195.37,75197.22
2026-05-15,15:26,75196.29,75254.46,75187.52,75246.2
2026-05-15,15:27,75245.77,75273.89,75235.01,75257.91
2026-05-15,15:28,75251.45,75298.98,75241.86,75281.03
2026-05-15,15:29,75282.59,75305.31,75266.21,75292.93
2026-05-18,09:15,74807.97,74807.97,74428.31,74429.77
2026-05-18,09:16,74425.86,74446.68,74345.92,74396.61
2026-05-18,09:17,74404.99,74405.46,74359.94,74395.63
2026-05-18,09:18,74383.49,74448.64,74370.9,74439.58
2026-05-18,09:19,74436.94,74468.67,74412.52,74459.32
2026-05-18,09:20,74459.95,74462.2,74393.35,74439.07
2026-05-18,15:25,75344.45,75344.45,75314.28,75316.33
2026-05-18,15:26,75316.44,75317.03,75301.92,75303.33
2026-05-18,15:27,75304.52,75317.94,75298.46,75315.41
2026-05-18,15:28,75308.53,75324.91,75295.71,75313.11
2026-05-18,15:29,75311.28,75332.01,75274.95,75332.01
2026-05-19,09:15,75441.27,75625.66,75436.87,75604.0
2026-05-19,09:16,75603.19,75644.09,75534.68,75640.47
2026-05-19,09:17,75641.86,75656.7,75561.78,75647.3
2026-05-19,09:18,75645.27,75677.03,75632.38,75665.15
2026-05-19,09:19,75667.38,75668.2,75630.15,75666.58
2026-05-19,09:20,75667.6,75685.74,75660.63,75663.58
2026-05-19,15:25,75131.54,75140.21,75115.99,75128.7
2026-05-19,15:26,75122.37,75155.72,75120.22,75148.74
2026-05-19,15:27,75149.7,75173.14,75142.68,75162.32
2026-05-19,15:28,75162.44,75185.2,75153.67,75170.15
2026-05-19,15:29,75161.89,75192.75,75156.99,75188.41
2026-05-20,09:15,74806.49,74834.81,74529.41,74589.09
2026-05-20,09:16,74586.34,74662.4,74561.12,74662.4
2026-05-20,09:17,74663.97,74692.57,74656.57,74690.67
2026-05-20,09:18,74694.57,74726.66,74680.21,74697.64
2026-05-20,09:19,74699.52,74721.74,74690.0,74696.22
2026-05-20,09:20,74705.96,74705.96,74640.59,74646.57
2026-05-20,15:25,75305.89,75323.96,75294.68,75311.52
2026-05-20,15:26,75311.43,75311.43,75275.95,75285.0
2026-05-20,15:27,75292.2,75300.47,75284.32,75298.13
2026-05-20,15:28,75295.96,75321.68,75295.48,75303.57
2026-05-20,15:29,75303.68,75352.76,75295.0,75336.35
2026-05-21,09:15,75732.42,75945.79,75690.03,75873.11
2026-05-21,09:16,75871.34,75877.0,75800.32,75805.42
2026-05-21,09:17,75804.87,75812.38,75698.78,75702.3
2026-05-21,09:18,75700.85,75738.52,75654.72,75707.13
2026-05-21,09:19,75700.45,75710.88,75635.37,75637.39
2026-05-21,09:20,75632.0,75651.67,75550.41,75582.93
2026-05-21,15:25,75137.33,75150.0,75117.76,75129.57
2026-05-21,15:26,75131.61,75138.69,75114.21,75123.9
2026-05-21,15:27,75124.36,75132.36,75106.3,75128.97
2026-05-21,15:28,75132.67,75138.24,75116.72,75125.23
2026-05-21,15:29,75120.62,75175.81,75118.68,75154.32
2026-05-22,09:15,75260.39,75379.3,75230.75,75329.28
2026-05-22,09:16,75331.94,75342.15,75296.51,75313.72
2026-05-22,09:17,75309.9,75344.59,75285.72,75303.32
2026-05-22,09:18,75300.16,75327.91,75295.3,75295.3
2026-05-22,09:19,75291.77,75329.87,75288.76,75322.41
2026-05-22,09:20,75323.59,75396.76,75323.59,75381.56
2026-05-22,15:25,75488.03,75488.19,75463.67,75469.9
2026-05-22,15:26,75467.76,75480.83,75463.04,75473.99
2026-05-22,15:27,75477.88,75507.13,75475.07,75507.13
2026-05-22,15:28,75506.12,75526.38,75500.2,75509.95
2026-05-22,15:29,75513.94,75528.39,75501.59,75509.78
2026-05-25,09:15,76135.82,76268.03,76097.02,76223.58
2026-05-25,09:16,76209.57,76289.52,76209.36,76232.2
2026-05-25,09:17,76233.27,76276.68,76233.27,76275.04
2026-05-25,09:18,76275.89,76290.64,76255.73,76266.21
2026-05-25,09:19,76265.36,76273.49,76239.51,76247.76
2026-05-25,09:20,76251.16,76253.1,76222.27,76243.92
2026-05-25,15:25,76484.42,76498.74,76478.19,76494.76
2026-05-25,15:26,76501.07,76519.72,76487.23,76504.53
2026-05-25,15:27,76510.0,76544.43,76508.94,76537.83
2026-05-25,15:28,76532.95,76550.14,76524.7,76543.29
2026-05-25,15:29,76538.91,76559.07,76528.89,76547.21
2026-05-26,09:15,76224.14,76406.88,76224.14,76261.43
2026-05-26,09:16,76260.11,76328.55,76260.11,76328.55
2026-05-26,09:17,76329.04,76354.16,76314.24,76338.61
2026-05-26,09:18,76339.64,76359.13,76323.0,76359.13
2026-05-26,09:19,76356.62,76394.99,76348.81,76389.82
2026-05-26,09:20,76403.47,76441.51,76401.15,76414.81
2026-05-26,15:25,76033.74,76037.91,76017.82,76027.66
2026-05-26,15:26,76026.66,76054.36,76026.01,76047.4
2026-05-26,15:27,76046.75,76059.19,76038.8,76059.19
2026-05-26,15:28,76059.46,76074.93,76045.46,76061.72
2026-05-26,15:29,76061.48,76075.99,76044.89,76075.99
2026-05-27,09:15,75939.86,76012.61,75869.7,75957.18
2026-05-27,09:16,75968.07,76072.18,75968.07,76032.65
2026-05-27,09:17,76021.99,76038.09,75999.61,76027.0
2026-05-27,09:18,76036.79,76076.48,75994.87,75997.66
2026-05-27,09:19,75989.68,76065.2,75989.68,76008.71
2026-05-27,09:20,76012.45,76116.37,76012.45,76067.56
2026-05-27,15:25,75924.57,75937.41,75914.48,75927.35
2026-05-27,15:26,75928.65,75947.42,75922.28,75922.28
2026-05-27,15:27,75924.61,75940.58,75917.35,75933.5
2026-05-27,15:28,75935.03,75946.52,75924.61,75931.68
2026-05-27,15:29,75937.22,75948.83,75906.19,75913.09
2026-05-29,09:15,75988.51,76220.02,75922.39,76143.37
2026-05-29,09:16,76141.19,76141.19,76037.74,76038.78
2026-05-29,09:17,76044.07,76116.73,76042.15,76084.73
2026-05-29,09:18,76090.31,76118.48,76074.72,76080.17
2026-05-29,09:19,76080.47,76130.97,76080.47,76118.42
2026-05-29,09:20,76123.95,76171.4,76108.66,76108.66
2026-05-29,15:25,74608.31,74676.33,74589.11,74650.76
2026-05-29,15:26,74640.77,74667.68,74627.81,74657.21
2026-05-29,15:27,74668.4,74743.71,74643.77,74743.71
2026-05-29,15:28,74753.08,74872.76,74688.83,74864.29
2026-05-29,15:29,74870.45,75002.41,74870.39,74985.66
2026-06-01,09:15,75203.02,75367.93,75049.66,75074.08
2026-06-01,09:16,75083.63,75114.14,75003.07,75081.56
2026-06-01,09:17,75077.3,75104.73,75059.07,75093.93
2026-06-01,09:18,75103.15,75128.96,75085.37,75115.41
2026-06-01,09:19,75098.54,75137.03,75066.96,75073.53
2026-06-01,09:20,75070.92,75116.38,75067.15,75079.07
2026-06-01,15:25,74237.1,74259.14,74232.49,74244.65
2026-06-01,15:26,74244.8,74257.37,74236.49,74247.8
2026-06-01,15:27,74249.61,74290.89,74249.61,74278.31
2026-06-01,15:28,74265.08,74269.64,74217.79,74244.16
2026-06-01,15:29,74241.9,74297.9,74226.01,74297.9
2026-06-02,09:15,73945.2,74006.89,73831.74,73863.64
2026-06-02,09:16,73877.15,73888.62,73815.12,73837.04
2026-06-02,09:17,73833.27,73860.73,73820.21,73855.23
2026-06-02,09:18,73854.63,73931.95,73847.58,73927.5
2026-06-02,09:19,73925.98,73971.41,73925.49,73957.92
2026-06-02,09:20,73965.12,73990.34,73924.76,73988.84
2026-06-02,15:25,74735.81,74735.81,74710.37,74724.05
2026-06-02,15:26,74718.05,74720.83,74701.2,74719.52
2026-06-02,15:27,74722.94,74737.35,74703.0,74710.72
2026-06-02,15:28,74696.15,74733.15,74695.38,74716.56
2026-06-02,15:29,74715.91,74762.81,74707.64,74743.93
2026-06-03,09:15,74507.73,74507.73,74178.46,74216.13
2026-06-03,09:16,74200.53,74200.53,74017.35,74020.6
2026-06-03,09:17,74019.08,74051.92,73982.83,74020.58
2026-06-03,09:18,74035.55,74046.46,73981.82,73986.41
2026-06-03,09:19,73982.99,73987.16,73927.97,73953.12
2026-06-03,09:20,73953.07,73955.99,73910.13,73951.71
2026-06-03,15:25,74335.79,74361.18,74332.43,74344.63
2026-06-03,15:26,74346.3,74346.71,74312.33,74316.15
2026-06-03,15:27,74316.97,74317.87,74287.24,74302.03
2026-06-03,15:28,74301.07,74334.54,74297.32,74324.39
2026-06-03,15:29,74317.56,74345.7,74296.15,74319.7
2026-06-04,09:15,73935.83,74041.04,73807.3,73914.8
2026-06-04,09:16,73891.64,74100.38,73878.99,74090.97
2026-06-04,09:17,74091.93,74110.53,74043.92,74092.16
2026-06-04,09:18,74089.05,74229.8,74079.86,74164.49
2026-06-04,09:19,74168.33,74192.85,74143.31,74144.17
2026-06-04,09:20,74148.2,74150.42,74085.78,74150.42
2026-06-04,15:25,74419.96,74438.62,74401.43,74438.06
2026-06-04,15:26,74437.18,74446.74,74432.06,74435.63
2026-06-04,15:27,74437.0,74453.49,74423.58,74442.91
2026-06-04,15:28,74448.12,74465.09,74420.68,74442.73
2026-06-04,15:29,74442.08,74474.9,74426.76,74474.9
2026-06-05,09:15,74629.94,74717.57,74542.32,74592.73
2026-06-05,09:16,74604.76,74619.1,74507.83,74537.3
2026-06-05,09:17,74529.86,74572.29,74523.97,74545.9
2026-06-05,09:18,74534.93,74565.4,74531.88,74532.54
2026-06-05,09:19,74532.48,74548.4,74513.34,74523.53
2026-06-05,09:20,74526.03,74556.21,74518.62,74550.41
2026-06-05,15:25,74269.88,74282.09,74261.15,74278.83
2026-06-05,15:26,74275.46,74280.31,74255.69,74261.92
2026-06-05,15:27,74262.63,74267.62,74248.35,74263.7
2026-06-05,15:28,74257.99,74267.56,74242.11,74254.11
2026-06-05,15:29,74253.54,74288.89,74253.54,74282.34
2026-06-08,09:15,73421.61,73533.67,73318.94,73426.98
2026-06-08,09:16,73419.29,73472.41,73336.45,73472.41
2026-06-08,09:17,73479.56,73488.42,73430.0,73457.29
2026-06-08,09:18,73468.46,73483.13,73430.71,73460.75
2026-06-08,09:19,73457.35,73527.44,73457.16,73497.07
2026-06-08,09:20,73499.66,73499.66,73409.32,73456.81
2026-06-08,15:25,73473.92,73475.23,73445.85,73448.31
2026-06-08,15:26,73450.72,73454.04,73430.85,73435.97
2026-06-08,15:27,73436.04,73467.0,73428.99,73454.73
2026-06-08,15:28,73466.81,73485.72,73456.92,73470.53
2026-06-08,15:29,73471.16,73489.74,73446.35,73466.85
2026-06-09,09:15,74035.41,74035.41,73794.14,73871.77
2026-06-09,09:16,73877.39,73893.84,73855.63,73871.74
2026-06-09,09:17,73873.74,73880.49,73838.27,73838.27
2026-06-09,09:18,73842.98,73883.14,73835.54,73850.54
2026-06-09,09:19,73854.23,73887.8,73852.77,73878.13
2026-06-09,09:20,73879.67,73916.77,73875.49,73895.54
2026-06-09,15:25,73918.39,73928.66,73910.05,73921.78
2026-06-09,15:26,73923.77,73935.57,73912.36,73935.57
2026-06-09,15:27,73938.63,73939.55,73917.74,73931.58
2026-06-09,15:28,73937.79,73957.95,73925.95,73954.06
2026-06-09,15:29,73950.03,73986.53,73935.04,73980.88
2026-06-10,09:15,73988.27,74150.39,73897.83,74136.61
2026-06-10,09:16,74162.05,74259.98,74157.92,74239.16
2026-06-10,09:17,74242.79,74303.22,74242.79,74277.11
2026-06-10,09:18,74273.81,74354.87,74262.96,74330.44
2026-06-10,09:19,74329.89,74343.78,74266.3,74268.52
2026-06-10,09:20,74269.81,74294.79,74237.95,74237.95
2026-06-10,15:25,73944.1,73975.65,73933.39,73967.79
2026-06-10,15:26,73963.24,73973.87,73957.11,73969.68
2026-06-10,15:27,73968.86,73984.24,73951.39,73974.66
2026-06-10,15:28,73975.24,73981.28,73948.49,73967.64
2026-06-10,15:29,73964.13,73997.32,73938.13,73986.55
2026-06-11,09:15,73615.99,73685.96,73518.75,73607.61
2026-06-11,09:16,73612.16,73612.16,73540.47,73547.94
2026-06-11,09:17,73544.47,73563.73,73520.2,73538.72
2026-06-11,09:18,73541.68,73631.0,73539.56,73601.57
2026-06-11,09:19,73596.19,73652.08,73593.55,73631.42
2026-06-11,09:20,73635.91,73676.81,73622.45,73667.2
2026-06-11,15:25,73890.56,73908.33,73887.2,73897.29
2026-06-11,15:26,73896.3,73900.75,73877.22,73894.26
2026-06-11,15:27,73897.7,73916.45,73896.56,73913.2
2026-06-11,15:28,73911.59,73912.88,73884.86,73906.56
2026-06-11,15:29,73904.23,73917.22,73878.71,73909.98
2026-06-12,09:15,74709.27,74834.76,74663.34,74767.83
2026-06-12,09:16,74762.12,74815.45,74762.12,74815.45
2026-06-12,09:17,74812.82,74856.35,74784.18,74836.85
2026-06-12,09:18,74839.96,74852.18,74788.24,74804.93
2026-06-12,09:19,74811.63,74833.21,74792.84,74828.63
2026-06-12,09:20,74833.47,74859.16,74807.23,74817.31
2026-06-12,15:25,75524.22,75540.66,75517.0,75537.18
2026-06-12,15:26,75539.98,75557.27,75531.7,75553.47
2026-06-12,15:27,75552.84,75565.8,75535.24,75549.5
2026-06-12,15:28,75554.29,75565.18,75530.52,75542.4
2026-06-12,15:29,75538.91,75559.35,75501.76,75532.94
2026-06-15,09:15,76725.27,76821.07,76605.24,76654.31
2026-06-15,09:16,76652.4,76688.49,76625.32,76682.81
2026-06-15,09:17,76680.32,76690.53,76643.92,76661.09
2026-06-15,09:18,76669.58,76711.3,76647.53,76654.77
2026-06-15,09:19,76646.12,76646.12,76553.83,76607.08
2026-06-15,09:20,76605.89,76634.3,76600.05,76613.78
2026-06-15,15:25,76274.29,76287.71,76252.74,76264.73
2026-06-15,15:26,76266.0,76266.22,76233.27,76237.61
2026-06-15,15:27,76238.63,76249.96,76214.97,76247.92
2026-06-15,15:28,76237.74,76259.92,76236.12,76251.6
2026-06-15,15:29,76250.76,76266.74,76220.02,76242.71
2026-06-16,09:15,76526.77,76530.67,76443.34,76500.54
2026-06-16,09:16,76501.26,76518.78,76469.95,76517.14
2026-06-16,09:17,76520.58,76549.3,76504.88,76522.28
2026-06-16,09:18,76523.54,76562.2,76522.9,76555.81
2026-06-16,09:19,76555.06,76579.98,76553.66,76562.72
2026-06-16,09:20,76566.39,76586.09,76521.15,76521.15
2026-06-16,15:25,76801.16,76823.75,76798.57,76805.41
2026-06-16,15:26,76806.5,76813.31,76800.26,76801.29
2026-06-16,15:27,76805.05,76820.29,76799.27,76819.43
2026-06-16,15:28,76817.57,76834.15,76794.53,76805.06
2026-06-16,15:29,76803.83,76830.65,76784.42,76826.78
2026-06-17,09:15,77080.09,77093.17,76861.18,76895.58
2026-06-17,09:16,76893.0,76909.1,76853.27,76879.45
2026-06-17,09:17,76872.72,76914.78,76856.19,76893.69
2026-06-17,09:18,76891.09,76891.25,76833.89,76842.17
2026-06-17,09:19,76841.06,76855.35,76768.49,76781.79
2026-06-17,09:20,76782.11,76854.75,76776.74,76854.75
2026-06-17,15:25,77151.79,77157.93,77141.83,77144.33
2026-06-17,15:26,77149.32,77156.31,77136.88,77145.39
2026-06-17,15:27,77145.33,77147.42,77122.66,77132.14
2026-06-17,15:28,77132.76,77146.7,77119.02,77137.85
2026-06-17,15:29,77135.89,77152.27,77109.91,77143.39
2026-06-18,09:15,77131.66,77281.83,77066.37,77123.35
2026-06-18,09:16,77104.85,77105.66,77044.39,77067.34
2026-06-18,09:17,77069.7,77108.81,77057.36,77106.26
2026-06-18,09:18,77100.46,77151.37,77100.46,77147.69
2026-06-18,09:19,77147.09,77148.69,77120.02,77120.02
2026-06-18,09:20,77127.31,77135.68,77103.69,77114.56
2026-06-18,15:25,77452.66,77457.08,77436.55,77441.21
2026-06-18,15:26,77439.73,77457.86,77435.18,77449.85
2026-06-18,15:27,77445.27,77457.41,77440.77,77444.86
2026-06-18,15:28,77441.77,77450.23,77431.0,77434.5
2026-06-18,15:29,77430.01,77453.89,77409.31,77446.28
2026-06-19,09:15,76852.86,76858.8,76639.12,76655.62
2026-06-19,09:16,76658.22,76692.01,76605.24,76691.02
2026-06-19,09:17,76699.26,76734.01,76669.68,76734.01
2026-06-19,09:18,76736.83,76736.83,76676.91,76724.75
2026-06-19,09:19,76713.43,76734.45,76691.37,76728.29
2026-06-19,09:20,76730.29,76730.29,76694.97,76714.41
2026-06-19,15:25,76853.14,76876.23,76838.61,76859.77
2026-06-19,15:26,76858.94,76867.75,76832.71,76832.71
2026-06-19,15:27,76843.03,76869.55,76826.38,76856.15
2026-06-19,15:28,76863.24,76881.73,76844.27,76881.73
2026-06-19,15:29,76871.33,76893.8,76855.38,76871.95
2026-06-22,09:15,77160.67,77223.78,77008.02,77089.23
2026-06-22,09:16,77089.84,77158.75,77082.09,77149.38
2026-06-22,09:17,77153.54,77223.88,77153.54,77194.62
2026-06-22,09:18,77199.0,77233.37,77195.7,77202.7
2026-06-22,09:19,77202.81,77212.85,77166.46,77166.46
2026-06-22,09:20,77174.82,77207.34,77164.85,77187.4
2026-06-22,15:25,77039.25,77051.75,77021.24,77025.59
2026-06-22,15:26,77026.4,77045.58,77024.15,77031.67
2026-06-22,15:27,77035.16,77041.53,77021.38,77032.76
2026-06-22,15:28,77028.93,77055.01,77025.8,77047.52
2026-06-22,15:29,77048.44,77069.09,77030.56,77042.87
2026-06-23,09:15,77086.05,77121.81,76916.64,76942.22
2026-06-23,09:16,76939.88,76939.88,76878.66,76917.73
2026-06-23,09:17,76918.67,76952.1,76918.67,76940.15
2026-06-23,09:18,76939.57,76960.53,76922.99,76959.08
2026-06-23,09:19,76960.17,76998.91,76958.77,76998.91
2026-06-23,09:20,76999.82,77043.53,76999.82,77038.25
2026-06-23,15:25,76130.2,76130.85,76087.63,76093.37
2026-06-23,15:26,76092.76,76112.14,76092.76,76107.57
2026-06-23,15:27,76104.48,76114.32,76083.99,76101.01
2026-06-23,15:28,76095.41,76130.29,76088.19,76088.19
2026-06-23,15:29,76102.73,76131.04,76082.51,76111.93
2026-06-24,09:15,76229.76,76289.93,76121.59,76288.2
2026-06-24,09:16,76294.96,76352.19,76288.52,76338.3
2026-06-24,09:17,76344.0,76361.92,76312.36,76355.72
2026-06-24,09:18,76353.92,76389.07,76347.04,76370.68
2026-06-24,09:19,76373.06,76381.53,76320.76,76320.76
2026-06-24,09:20,76320.82,76344.38,76302.76,76310.48
2026-06-24,15:25,76990.09,76994.91,76972.28,76973.87
2026-06-24,15:26,76975.11,76975.58,76956.03,76960.09
2026-06-24,15:27,76960.87,76971.24,76953.45,76967.99
2026-06-24,15:28,76971.71,76992.03,76949.87,76968.73
2026-06-24,15:29,76969.39,76991.32,76942.95,76976.82
2026-06-25,09:15,77391.07,77444.87,77319.07,77384.71
2026-06-25,09:16,77374.06,77374.06,77280.49,77288.61
2026-06-25,09:17,77293.34,77315.85,77286.87,77308.95
2026-06-25,09:18,77319.16,77378.31,77299.7,77365.41
2026-06-25,09:19,77364.17,77370.91,77316.86,77330.99
2026-06-25,09:20,77328.84,77374.45,77326.45,77365.41
2026-06-25,15:25,77095.28,77100.2,77073.22,77078.81
2026-06-25,15:26,77081.34,77097.83,77076.09,77089.02
2026-06-25,15:27,77088.53,77108.79,77075.72,77108.79
2026-06-25,15:28,77110.46,77120.03,77082.29,77094.41
2026-06-25,15:29,77088.7,77110.48,77078.86,77084.94
2026-06-29,09:15,77055.21,77189.78,76991.51,77161.48
2026-06-29,09:16,77171.79,77228.23,77165.93,77222.34
2026-06-29,09:17,77206.87,77212.31,77137.04,77139.89
2026-06-29,09:18,77134.86,77188.88,77134.86,77170.81
2026-06-29,09:19,77176.06,77176.06,77101.14,77104.46
2026-06-29,09:20,77106.05,77155.86,77105.26,77151.07
2026-06-29,15:25,76746.64,76747.41,76716.79,76738.29
2026-06-29,15:26,76741.97,76774.41,76729.5,76762.13
2026-06-29,15:27,76759.88,76818.63,76744.14,76818.63
2026-06-29,15:28,76814.5,76843.42,76799.69,76835.77
2026-06-29,15:29,76834.99,76837.14,76780.96,76789.56
2026-06-30,09:15,77005.51,77037.36,76912.73,76932.33
2026-06-30,09:16,76932.45,76932.45,76775.69,76788.56
2026-06-30,09:17,76794.87,76828.42,76787.63,76791.84
2026-06-30,09:18,76786.45,76798.42,76745.23,76756.98
2026-06-30,09:19,76760.51,76765.47,76738.91,76757.05
2026-06-30,09:20,76760.68,76760.68,76715.53,76720.79
2026-06-30,15:25,76524.01,76530.32,76511.68,76521.45
2026-06-30,15:26,76522.32,76538.29,76514.66,76528.16
2026-06-30,15:27,76522.65,76552.03,76516.48,76549.01
2026-06-30,15:28,76558.42,76632.02,76558.42,76606.73
2026-06-30,15:29,76603.51,76643.45,76603.51,76639.4
2026-07-01,09:15,76545.21,76697.37,76538.37,76587.55
2026-07-01,09:16,76588.61,76660.62,76588.61,76635.56
2026-07-01,09:17,76649.13,76660.25,76572.42,76572.42
2026-07-01,09:18,76578.71,76667.83,76564.68,76667.83
2026-07-01,09:19,76675.54,76695.04,76630.55,76648.62
2026-07-01,09:20,76655.0,76686.91,76622.47,76686.91
2026-07-01,15:25,76913.92,76914.58,76891.0,76894.12
2026-07-01,15:26,76895.14,76907.48,76879.46,76894.56
2026-07-01,15:27,76893.24,76895.14,76880.89,76888.74
2026-07-01,15:28,76888.3,76898.57,76866.79,76876.44
2026-07-01,15:29,76875.22,76884.79,76835.68,76873.55
2026-07-02,09:15,77083.14,77198.74,77063.95,77169.55
2026-07-02,09:16,77168.48,77218.78,77120.66,77171.56
2026-07-02,09:17,77169.56,77211.35,77148.97,77168.31
2026-07-02,09:18,77176.88,77189.9,77137.89,77183.53
2026-07-02,09:19,77188.6,77219.49,77164.52,77201.49
2026-07-02,09:20,77208.06,77274.63,77206.19,77274.63
2026-07-02,15:25,77462.39,77462.39,77434.12,77438.4
2026-07-02,15:26,77441.26,77467.17,77439.02,77467.17
2026-07-02,15:27,77464.04,77464.04,77446.45,77460.49
2026-07-02,15:28,77458.0,77487.07,77458.0,77472.07
2026-07-02,15:29,77469.81,77480.52,77444.87,77449.86
2026-07-03,09:15,78152.34,78157.52,77937.09,77955.11
2026-07-03,09:16,77959.6,77972.35,77909.99,77937.33
2026-07-03,09:17,77934.84,77946.48,77910.2,77918.28
2026-07-03,09:18,77913.93,77933.14,77870.82,77881.52
2026-07-03,09:19,77874.78,77897.38,77854.83,77885.22
2026-07-03,09:20,77887.33,77929.1,77869.57,77919.78
2026-07-03,15:25,77754.1,77760.22,77743.88,77751.61
2026-07-03,15:26,77754.35,77757.28,77731.54,77749.39
2026-07-03,15:27,77748.93,77760.64,77740.94,77748.11
2026-07-03,15:28,77750.81,77779.04,77747.7,77761.21
2026-07-03,15:29,77762.1,77789.92,77756.21,77788.74
2026-07-06,09:15,77940.9,78005.65,77879.7,78003.82
2026-07-06,09:16,78010.9,78091.19,77979.87,78060.58
2026-07-06,09:17,78067.3,78092.21,78057.95,78067.92
2026-07-06,09:18,78066.73,78087.17,78046.64,78078.17
2026-07-06,09:19,78074.08,78083.92,78056.66,78078.17
2026-07-06,09:20,78076.1,78085.78,78039.82,78039.82
2026-07-06,15:25,78303.86,78314.83,78303.54,78310.48
2026-07-06,15:26,78311.11,78311.71,78295.77,78297.25
2026-07-06,15:27,78302.72,78308.08,78280.12,78287.82
2026-07-06,15:28,78289.14,78299.34,78256.53,78287.43
2026-07-06,15:29,78273.29,78287.52,78238.45,78255.38
2026-07-07,09:15,78461.16,78504.01,78358.07,78413.38
2026-07-07,09:16,78413.05,78437.37,78340.18,78358.19
2026-07-07,09:17,78357.17,78403.64,78349.18,78403.06
2026-07-07,09:18,78409.72,78422.29,78371.1,78371.1
2026-07-07,09:19,78376.17,78380.57,78347.27,78363.84
2026-07-07,09:20,78358.14,78428.09,78358.14,78401.61
2026-07-07,15:25,78099.57,78117.96,78089.89,78093.67
2026-07-07,15:26,78090.28,78091.76,78053.69,78066.49
2026-07-07,15:27,78066.0,78100.55,78059.61,78076.1
2026-07-07,15:28,78075.53,78089.21,78052.19,78072.76
2026-07-07,15:29,78064.91,78098.02,78031.04,78079.08
2026-07-08,09:15,77816.45,77816.45,77611.91,77750.81
2026-07-08,09:16,77769.37,77840.71,77732.18,77812.96
2026-07-08,09:17,77803.77,77809.35,77748.02,77761.74
2026-07-08,09:18,77770.78,77796.87,77769.13,77773.69
2026-07-08,09:19,77780.35,77842.5,77775.14,77833.13
2026-07-08,09:20,77825.66,77850.46,77796.28,77797.81
2026-07-08,15:25,76540.13,76540.13,76483.24,76495.21
2026-07-08,15:26,76501.93,76515.05,76487.8,76509.86
2026-07-08,15:27,76500.63,76529.97,76497.96,76519.97
2026-07-08,15:28,76512.54,76533.19,76505.45,76505.98
2026-07-08,15:29,76509.1,76536.89,76489.36,76514.28
2026-07-09,15:25,76760.25,76792.26,76759.77,76789.61
2026-07-09,15:26,76794.45,76821.63,76791.85,76821.39
2026-07-09,15:27,76811.15,76822.87,76796.22,76799.16
2026-07-09,15:28,76795.61,76817.47,76781.6,76785.33
2026-07-09,15:29,76780.35,76828.14,76768.99,76827.2
2026-07-10,09:15,77395.63,77447.71,77320.56,77379.14
2026-07-10,09:16,77381.26,77466.97,77381.26,77466.97
2026-07-10,09:17,77472.13,77526.85,77469.65,77469.65
2026-07-10,09:18,77480.93,77491.18,77454.43,77462.14
2026-07-10,09:19,77461.02,77461.02,77433.05,77443.87
2026-07-10,09:20,77449.78,77457.53,77412.1,77428.46
2026-07-10,15:25,77571.21,77582.32,77559.68,77577.04
2026-07-10,15:26,77578.21,77588.9,77564.35,77578.59
2026-07-10,15:27,77581.32,77614.07,77578.6,77608.37
2026-07-10,15:28,77608.27,77617.66,77579.63,77596.82
2026-07-10,15:29,77593.37,77603.05,77567.42,77593.11
2026-07-13,09:15,76963.35,76981.53,76857.43,76932.97
2026-07-13,09:16,76939.9,76983.19,76890.8,76966.46
2026-07-13,09:17,76962.74,76992.76,76926.34,76991.0
2026-07-13,09:18,76990.14,77002.04,76914.79,76949.54
2026-07-13,09:19,76941.87,76953.89,76929.08,76945.06
2026-07-13,09:20,76940.77,76955.36,76913.12,76955.36
2026-07-13,15:25,77573.13,77593.53,77568.43,77588.35
2026-07-13,15:26,77587.47,77588.32,77574.55,77577.98
2026-07-13,15:27,77576.12,77580.8,77560.45,77561.19
2026-07-13,15:28,77558.24,77581.46,77551.91,77572.99
2026-07-13,15:29,77572.62,77594.41,77557.36,77575.54
2026-07-14,09:15,77272.34,77272.34,77070.72,77102.94
2026-07-14,09:16,77110.19,77158.2,77063.41,77152.07
2026-07-14,09:17,77153.32,77239.91,77135.3,77239.91
2026-07-14,09:18,77240.22,77240.22,77206.96,77214.79
2026-07-14,09:19,77210.85,77230.15,77192.72,77224.93
2026-07-14,09:20,77218.26,77264.2,77206.34,77264.2
2026-07-14,15:25,77059.75,77065.27,77033.74,77043.88
2026-07-14,15:26,77050.51,77059.02,77035.15,77035.73
2026-07-14,15:27,77042.71,77054.32,77033.41,77045.33
2026-07-14,15:28,77036.71,77062.85,77032.31,77048.74
2026-07-14,15:29,77049.75,77055.4,77007.94,77037.99
2026-07-15,09:15,77192.76,77273.32,77072.53,77211.29
2026-07-15,09:16,77208.27,77280.75,77208.27,77242.71
2026-07-15,09:17,77246.86,77365.0,77244.39,77357.91
2026-07-15,09:18,77360.42,77390.65,77344.98,77359.03
2026-07-15,09:19,77362.0,77383.91,77359.18,77381.4
2026-07-15,09:20,77393.74,77442.14,77389.93,77429.67
2026-07-15,15:25,77220.92,77236.1,77216.08,77236.1
2026-07-15,15:26,77234.41,77238.03,77215.2,77225.56
2026-07-15,15:27,77226.91,77237.71,77197.88,77214.49
2026-07-15,15:28,77215.3,77220.53,77185.95,77200.07
2026-07-15,15:29,77203.15,77219.91,77166.73,77182.05
2026-07-16,09:15,77388.42,77417.75,77276.52,77317.72
2026-07-16,09:16,77338.23,77422.37,77338.23,77417.76
2026-07-16,09:17,77409.77,77465.34,77393.83,77421.34
2026-07-16,09:18,77419.81,77475.27,77419.73,77459.48
2026-07-16,09:19,77466.07,77473.78,77436.53,77461.79
2026-07-16,09:20,77470.43,77514.3,77460.96,77460.96
2026-07-16,15:25,77154.02,77158.81,77086.42,77092.43
2026-07-16,15:26,77096.27,77176.17,77095.99,77168.81
2026-07-16,15:27,77174.82,77201.92,77169.26,77196.05
2026-07-16,15:28,77201.94,77325.74,77173.93,77311.22
2026-07-16,15:29,77318.67,77318.67,77247.72,77258.32
2026-07-17,09:15,77370.77,77503.93,77308.0,77494.4
2026-07-17,09:16,77492.03,77574.78,77492.03,77547.3
2026-07-17,09:17,77548.84,77596.63,77545.27,77579.33
2026-07-17,09:18,77580.75,77613.36,77571.57,77609.76
2026-07-17,09:19,77611.56,77651.56,77610.53,77623.77
2026-07-17,09:20,77617.8,77646.31,77617.8,77623.16
2026-07-17,15:25,78194.35,78225.19,78187.51,78214.52
2026-07-17,15:26,78213.34,78216.85,78195.01,78214.75
2026-07-17,15:27,78215.18,78226.38,78191.5,78211.88
2026-07-17,15:28,78216.45,78220.82,78194.4,78199.54
2026-07-17,15:29,78195.53,78263.89,78195.53,78256.34
2026-07-20,09:15,78151.45,78151.45,77591.93,77835.49
2026-07-20,09:16,77838.78,77838.78,77605.02,77669.69
2026-07-20,09:17,77657.18,77720.48,77606.68,77708.81
2026-07-20,09:18,77715.04,77721.19,77662.4,77686.85
2026-07-20,09:19,77685.16,77689.58,77639.22,77677.97
2026-07-20,09:20,77665.04,77667.48,77612.63,77621.79
2026-07-20,15:25,77741.25,77746.93,77732.12,77735.83
2026-07-20,15:26,77737.19,77739.38,77724.7,77729.29
2026-07-20,15:27,77728.98,77739.59,77725.21,77736.57
2026-07-20,15:28,77736.45,77739.14,77706.84,77725.57
2026-07-20,15:29,77719.66,77736.26,77706.73,77717.31
2026-07-21,09:15,77649.63,77740.84,77541.68,77689.31
2026-07-21,09:16,77689.6,77691.95,77636.58,77651.42
2026-07-21,09:17,77654.69,77693.6,77654.69,77672.71
2026-07-21,09:18,77671.67,77732.36,77656.54,77732.36
2026-07-21,09:19,77728.43,77753.18,77719.37,77722.59
2026-07-21,09:20,77725.82,77726.0,77685.15,77700.6
2026-07-21,15:25,77466.34,77466.34,77453.45,77455.11
2026-07-21,15:26,77451.66,77479.54,77451.66,77469.1
2026-07-21,15:27,77466.25,77487.13,77447.83,77480.39
2026-07-21,15:28,77491.53,77491.53,77470.87,77483.94
2026-07-21,15:29,77483.22,77493.22,77465.42,77471.04
2026-07-22,09:15,77384.95,77384.95,77100.18,77100.41
2026-07-22,09:16,77105.73,77166.8,77067.31,77104.41
2026-07-22,09:17,77116.67,77123.25,77076.03,77092.61
2026-07-22,09:18,77087.08,77094.39,77057.88,77094.39
2026-07-22,09:19,77095.21,77144.44,77094.24,77129.71
2026-07-22,09:20,77126.3,77142.39,77112.43,77142.39
2026-07-22,15:25,76755.59,76768.49,76731.93,76748.18
2026-07-22,15:26,76743.67,76751.44,76732.07,76743.14
2026-07-22,15:27,76744.06,76765.44,76742.76,76743.36
2026-07-22,15:28,76743.97,76755.99,76729.04,76754.22
2026-07-22,15:29,76737.4,76768.66,76737.4,76744.86
2026-07-23,09:15,76515.1,76545.82,76344.67,76404.83
2026-07-23,09:16,76408.52,76452.0,76384.51,76422.67
2026-07-23,09:17,76419.69,76419.69,76375.78,76386.2
2026-07-23,09:18,76383.4,76414.33,76378.92,76408.11
2026-07-23,09:19,76411.26,76447.52,76407.78,76447.52
2026-07-23,09:20,76438.51,76543.77,76438.51,76543.77
2026-07-23,15:25,76414.62,76424.4,76398.61,76404.83
2026-07-23,15:26,76410.87,76415.78,76385.76,76409.22
2026-07-23,15:27,76406.66,76428.71,76394.58,76402.86
2026-07-23,15:28,76397.79,76402.71,76361.16,76386.38
2026-07-23,15:29,76389.5,76393.56,76347.12,76377.94
2026-07-24,09:15,75708.19,75786.41,75613.43,75748.25
2026-07-24,09:16,75757.06,75845.26,75743.63,75842.33
2026-07-24,09:17,75855.76,75876.67,75808.19,75872.31
2026-07-24,09:18,75870.66,75930.16,75866.91,75926.14
2026-07-24,09:19,75930.32,75977.32,75924.17,75974.51
2026-07-24,09:20,75972.85,75995.73,75940.42,75981.78
2026-07-24,15:25,76098.0,76113.53,76083.36,76089.46
2026-07-24,15:26,76096.66,76098.45,76081.95,76091.96
2026-07-24,15:27,76099.52,76116.02,76087.36,76103.47
2026-07-24,15:28,76100.46,76126.74,76100.46,76117.94
2026-07-24,15:29,76124.89,76144.07,76116.19,76141.27
2026-07-27,09:15,76608.98,76696.38,76588.91,76645.93
2026-07-27,09:16,76631.49,76657.73,76583.21,76618.26
2026-07-27,09:17,76618.07,76629.03,76584.41,76600.97
2026-07-27,09:18,76604.95,76604.95,76540.97,76549.41
2026-07-27,09:19,76547.79,76564.86,76530.24,76555.23
2026-07-27,09:20,76554.37,76624.54,76554.37,76618.64
2026-07-27,15:25,76851.71,76862.8,76840.5,76846.2
2026-07-27,15:26,76850.86,76859.39,76843.08,76844.19
2026-07-27,15:27,76844.1,76868.32,76844.1,76865.4
2026-07-27,15:28,76873.77,76880.25,76849.88,76853.58
2026-07-27,15:29,76861.09,76884.17,76838.94,76847.79
2026-07-28,09:15,76831.75,76884.07,76738.49,76871.2
2026-07-28,09:16,76862.25,76888.96,76841.03,76863.47
2026-07-28,09:17,76858.48,76927.57,76851.56,76924.42
2026-07-28,09:18,76932.73,76976.58,76921.86,76965.05
2026-07-28,09:19,76962.14,76964.7,76931.38,76941.87
2026-07-28,09:20,76946.63,76980.5,76946.63,76972.14
2026-07-28,15:25,76796.2,76807.9,76777.52,76782.42
2026-07-28,15:26,76780.3,76798.59,76774.01,76791.28
2026-07-28,15:27,76788.43,76799.55,76777.69,76785.11
2026-07-28,15:28,76789.46,76789.46,76759.13,76770.59
2026-07-28,15:29,76765.04,76797.78,76737.4,76737.4
2026-07-29,09:15,77423.77,77559.48,77333.24,77436.3
2026-07-29,09:16,77429.93,77473.14,77425.35,77466.7
2026-07-29,09:17,77471.82,77487.14,77447.3,77485.27
2026-07-29,09:18,77496.94,77509.34,77466.54,77466.54
2026-07-29,09:19,77467.33,77500.64,77467.33,77476.69
2026-07-29,09:20,77476.51,77491.29,77436.44,77442.67
2026-07-29,15:25,77609.15,77626.37,77604.95,77616.58
2026-07-29,15:26,77613.81,77635.19,77611.15,77626.16
2026-07-29,15:27,77622.35,77626.03,77605.06,77624.44
2026-07-29,15:28,77626.69,77642.99,77605.05,77635.54
2026-07-29,15:29,77640.14,77652.66,77606.51,77632.89
2026-07-30,09:15,77638.86,77702.21,77440.91,77590.41
2026-07-30,09:16,77589.93,77598.09,77495.76,77519.5
2026-07-30,09:17,77521.0,77623.3,77501.01,77614.05
2026-07-30,09:18,77613.96,77658.13,77611.1,77656.07
2026-07-30,09:19,77653.34,77691.71,77639.93,77668.46
2026-07-30,09:20,77665.2,77688.3,77639.79,77685.67
2026-07-30,15:25,77929.27,77968.48,77924.69,77932.45
2026-07-30,15:26,77927.35,77979.38,77927.35,77931.56
2026-07-30,15:27,77934.14,77972.26,77896.56,77931.22
2026-07-30,15:28,77933.44,77933.44,77793.24,77821.16
2026-07-30,15:29,77825.52,77861.94,77785.14,77835.43
2026-07-31,09:15,77998.66,78069.91,77897.08,78001.97
2026-07-31,09:16,78006.61,78021.22,77953.28,77995.36
2026-07-31,09:17,78000.41,78003.24,77960.89,78002.71
2026-07-31,09:18,77997.53,78009.27,77951.81,77963.37
2026-07-31,09:19,77962.49,77989.35,77953.41,77965.53
2026-07-31,09:20,77962.71,77984.21,77944.3,77946.32
2026-07-31,15:25,78087.97,78097.6,78075.38,78082.31
2026-07-31,15:26,78081.45,78081.45,78057.95,78064.23
2026-07-31,15:27,78057.67,78077.51,78055.15,78064.78
2026-07-31,15:28,78062.92,78071.45,78023.18,78026.34
2026-07-31,15:29,78022.58,78049.61,78008.58,78034.57
2026-08-03,09:15,78883.34,78895.1,78497.34,78638.61
2026-08-03,09:16,78656.54,78694.69,78633.38,78694.69
2026-08-03,09:17,78699.1,78708.83,78621.76,78622.45
2026-08-03,09:18,78625.28,78636.43,78605.99,78611.55
2026-08-03,09:19,78611.35,78617.03,78573.47,78573.47
2026-08-03,09:20,78579.62,78609.13,78567.2,78568.87
2026-08-03,15:28,78639.03,78639.03,78639.03,78639.03
2026-08-04,09:15,79132.97,79143.15,78775.25,78785.31
2026-08-04,09:16,78772.31,78781.57,78744.34,78776.35
2026-08-04,09:17,78783.42,78786.91,78740.57,78741.42
2026-08-04,09:18,78743.43,78791.0,78733.11,78764.63
2026-08-04,09:19,78757.57,78768.43,78742.64,78750.21
2026-08-04,09:20,78752.21,78791.41,78747.42,78788.15
2026-08-04,15:29,78428.95,78428.95,78428.95,78428.95
2026-08-05,09:15,79055.38,79055.38,78790.89,78882.55
2026-08-05,09:16,78892.2,78931.68,78865.66,78919.51
2026-08-05,09:17,78926.5,78930.48,78899.09,78899.09
2026-08-05,09:18,78902.61,78931.31,78884.77,78914.26
2026-08-05,09:19,78918.52,78918.52,78874.01,78875.69
2026-08-05,09:20,78878.4,78900.98,78874.62,78884.01
2026-08-05,15:29,78581.0,78581.0,78581.0,78581.0
2026-08-06,09:15,78782.43,78782.43,78633.73,78705.29
2026-08-06,09:16,78728.57,78757.19,78675.04,78742.21
2026-08-06,09:17,78738.59,78757.17,78722.54,78756.65
2026-08-06,09:18,78754.33,78756.36,78691.28,78701.18
2026-08-06,09:19,78708.3,78718.84,78683.71,78712.78
2026-08-06,09:20,78713.23,78753.95,78712.41,78753.18
2026-08-06,15:29,78916.83,78954.76,78916.83,78954.76
2026-08-07,09:15,78516.08,78637.93,78451.99,78611.56
2026-08-07,09:16,78622.92,78660.82,78601.08,78645.56
2026-08-07,09:17,78642.15,78674.59,78602.96,78613.05
2026-08-07,09:18,78609.9,78642.81,78609.9,78636.99
2026-08-07,09:19,78638.31,78651.54,78629.67,78645.19
2026-08-07,09:20,78648.64,78664.01,78627.18,78664.01
2026-08-07,15:29,78499.17,78499.17,78499.17,78499.17
2026-08-10,09:15,78501.59,78622.89,78494.59,78534.84
2026-08-10,09:16,78532.63,78576.47,78503.94,78566.18
2026-08-10,09:17,78569.13,78602.1,78546.27,78601.1
2026-08-10,09:18,78602.81,78620.84,78581.26,78620.84
2026-08-10,09:19,78613.38,78635.73,78609.14,78623.26
2026-08-10,09:20,78621.7,78676.98,78621.43,78650.66
2026-08-10,15:28,78542.44,78542.44,78542.44,78542.44
2026-08-11,09:15,78509.77,78509.77,78338.95,78352.32
2026-08-11,09:16,78356.42,78356.42,78266.33,78289.48
2026-08-11,09:17,78284.01,78284.29,78241.19,78253.76
2026-08-11,09:18,78255.75,78268.52,78236.14,78262.61
2026-08-11,09:19,78256.43,78269.77,78225.55,78239.55
2026-08-11,09:20,78240.52,78240.52,78215.86,78221.37
2026-08-11,15:28,78154.25,78154.25,78154.25,78154.25
2026-08-12,09:15,78263.33,78263.33,78051.91,78056.97
2026-08-12,09:16,78053.07,78053.07,77916.78,77917.16
2026-08-12,09:17,77918.43,77931.93,77895.18,77895.18
2026-08-12,09:18,77888.19,77901.11,77883.2,77895.44
2026-08-12,09:19,77892.96,77928.71,77881.1,77928.71
2026-08-12,09:20,77927.95,77942.04,77907.8,77942.04
2026-08-12,15:29,77966.35,77966.35,77966.35,77966.35
2026-08-13,09:15,78111.91,78119.39,77815.49,77870.51
2026-08-13,09:16,77846.57,77890.37,77813.19,77835.08
2026-08-13,09:17,77836.15,77837.12,77781.6,77795.21
2026-08-13,09:18,77786.85,77806.06,77784.98,77805.43
2026-08-13,09:19,77807.16,77821.84,77799.87,77808.12
2026-08-13,09:20,77809.74,77816.29,77788.87,77808.57
2026-08-13,15:29,77886.4,78079.96,77886.4,78079.96
2026-08-14,09:15,77903.43,77923.58,77750.57,77800.85
2026-08-14,09:16,77793.59,77810.96,77762.48,77808.38
2026-08-14,09:17,77806.91,77806.96,77771.85,77779.74
2026-08-14,09:18,77779.04,77797.47,77765.57,77781.51
2026-08-14,09:19,77778.43,77790.28,77765.96,77778.41
2026-08-14,09:20,77778.04,77785.28,77764.0,77767.57
2026-08-14,15:29,78009.25,78009.25,78009.25,78009.25
2026-08-17,09:15,77892.92,77928.68,77711.61,77736.12
2026-08-17,09:16,77722.49,77736.56,77704.38,77704.58
2026-08-17,09:17,77706.42,77741.69,77679.14,77679.14
2026-08-17,09:18,77686.6,77696.28,77655.64,77686.44
2026-08-17,09:19,77688.6,77718.72,77679.24,77718.47
2026-08-17,09:20,77713.37,77724.07,77689.19,77713.5
2026-08-17,15:28,77728.16,77728.16,77728.16,77728.16
2026-08-18,09:15,77418.97,77526.1,77362.19,77509.29
2026-08-18,09:16,77510.96,77538.48,77481.78,77481.78
2026-08-18,09:17,77476.04,77478.23,77448.01,77456.89
2026-08-18,09:18,77454.69,77476.23,77453.2,77467.76
2026-08-18,09:19,77470.39,77482.26,77458.45,77481.72
2026-08-18,09:20,77490.56,77490.56,77451.6,77466.88
2026-08-18,15:28,77235.46,77235.46,77234.36,77235.46
2026-08-19,09:15,77218.05,77347.81,77128.19,77156.28
2026-08-19,09:16,77154.77,77161.08,77118.86,77137.34
2026-08-19,09:17,77137.45,77137.45,77095.9,77129.95
2026-08-19,09:18,77129.66,77147.16,77128.18,77135.81
2026-08-19,09:19,77133.46,77143.21,77124.93,77135.17
2026-08-19,09:20,77137.09,77140.09,77115.64,77124.32
2026-08-19,15:29,76909.68,76909.68,76909.68,76909.68
2026-08-20,09:15,77468.45,77481.82,77375.75,77461.28
2026-08-20,09:16,77451.62,77494.79,77449.78,77452.93
2026-08-20,09:17,77460.86,77469.79,77417.35,77418.45
2026-08-20,09:18,77417.99,77441.22,77417.99,77428.55
2026-08-20,09:19,77430.23,77432.35,77393.1,77398.64
2026-08-20,09:20,77394.61,77410.73,77382.0,77399.38
2026-08-20,15:29,77528.66,77537.72,77528.66,77537.72
2026-08-21,09:15,77701.07,77725.67,77572.35,77612.61
2026-08-21,09:16,77613.4,77630.22,77564.96,77580.44
2026-08-21,09:17,77578.51,77597.11,77559.97,77585.41
2026-08-21,09:18,77589.14,77590.82,77552.87,77552.87
2026-08-21,09:19,77551.13,77553.75,77538.22,77540.53
2026-08-21,09:20,77539.17,77539.17,77499.68,77502.01
2026-08-21,15:29,77540.83,77540.83,77540.83,77540.83
2026-08-24,09:15,77629.56,77760.78,77619.83,77737.76
2026-08-24,09:16,77738.54,77761.87,77725.23,77749.07
2026-08-24,09:17,77738.46,77777.16,77735.5,77774.62
2026-08-24,09:18,77769.39,77789.4,77755.08,77767.93
2026-08-24,09:19,77772.04,77772.04,77744.97,77745.36
2026-08-24,09:20,77744.36,77776.18,77743.72,77765.21
2026-08-24,15:28,77369.11,77369.11,77369.11,77369.11
2026-08-25,09:15,77295.49,77322.7,77180.75,77207.05
2026-08-25,09:16,77202.27,77208.64,77146.03,77196.9
2026-08-25,09:17,77197.09,77248.48,77187.54,77227.83
2026-08-25,09:18,77227.53,77281.79,77227.53,77281.79
2026-08-25,09:19,77283.52,77325.46,77278.31,77325.46
2026-08-25,09:20,77327.12,77359.42,77318.08,77346.91
2026-08-25,15:29,77656.09,77666.39,77656.09,77656.09
2026-08-26,09:15,77892.1,77929.64,77815.82,77890.82
2026-08-26,09:16,77894.09,77903.03,77873.82,77886.68
2026-08-26,09:17,77883.87,77894.75,77846.26,77846.87
2026-08-26,09:18,77844.37,77862.19,77828.39,77861.84
2026-08-26,09:19,77858.21,77860.43,77805.62,77827.42
2026-08-26,09:20,77824.83,77874.46,77818.2,77870.64
2026-08-26,15:28,77472.94,77472.94,77472.94,77472.94
2026-08-27,09:15,77576.76,77691.11,77542.62,77679.96
2026-08-27,09:16,77680.0,77694.97,77587.45,77587.45
2026-08-27,09:17,77597.69,77598.88,77480.86,77490.5
2026-08-27,09:18,77484.81,77562.13,77477.22,77553.95
2026-08-27,09:19,77552.83,77570.46,77512.95,77515.13
2026-08-27,09:20,77516.34,77538.62,77492.11,77497.02
2026-08-27,15:29,76965.63,76965.63,76933.59,76933.59
2026-08-28,09:15,77128.05,77183.62,77043.34,77111.24
2026-08-28,09:16,77110.37,77150.01,77083.59,77146.82
2026-08-28,09:17,77149.72,77195.01,77136.17,77143.19
2026-08-28,09:18,77144.19,77146.72,77109.52,77109.52
2026-08-28,09:19,77106.85,77122.97,77084.23,77093.65
2026-08-28,09:20,77091.15,77112.04,77066.3,77077.65
2026-08-28,15:28,77264.51,77264.51,77264.51,77264.51
2026-08-31,09:15,77130.73,77177.27,76916.6,76926.02
2026-08-31,09:16,76921.61,76997.21,76896.93,76991.75
2026-08-31,09:17,76985.71,77012.05,76968.36,77008.57
2026-08-31,09:18,77013.97,77017.21,76953.92,76982.81
2026-08-31,09:19,76983.21,77024.72,76972.78,77005.21
2026-08-31,09:20,77003.47,77071.65,76996.93,77065.88
2026-08-31,15:28,76957.27,76957.27,76957.27,76957.27
2026-09-01,09:15,76994.11,77083.49,76849.24,76855.4
2026-09-01,09:16,76844.79,76891.19,76838.14,76863.39
2026-09-01,09:17,76864.5,76884.96,76835.79,76884.96
2026-09-01,09:18,76878.26,76892.58,76856.08,76866.06
2026-09-01,09:19,76867.66,76894.78,76860.07,76878.59
2026-09-01,09:20,76868.16,76897.37,76860.78,76869.96
2026-09-01,15:28,76944.28,76944.28,76944.28,76944.28
2026-09-02,09:15,76471.32,76521.67,76196.07,76262.29
2026-09-02,09:16,76260.43,76270.35,76207.25,76207.25
2026-09-02,09:17,76203.72,76241.22,76192.94,76229.5
2026-09-02,09:18,76227.98,76270.4,76227.98,76251.29
2026-09-02,09:19,76245.77,76262.43,76220.28,76225.08
2026-09-02,09:20,76224.43,76245.27,76208.4,76243.99
2026-09-02,15:28,76570.35,76570.35,76570.35,76570.35
2026-09-03,09:15,76724.95,76919.02,76724.95,76794.57
2026-09-03,09:16,76812.2,76880.72,76808.42,76834.28
2026-09-03,09:17,76833.64,76833.64,76788.55,76796.95
2026-09-03,09:18,76797.16,76809.79,76763.58,76767.01
2026-09-03,09:19,76767.78,76767.78,76736.46,76757.08
2026-09-03,09:20,76755.0,76793.02,76749.4,76793.02
2026-09-03,15:28,76152.86,76152.86,76152.86,76152.86
2026-09-04,09:15,76657.02,76746.8,76590.03,76600.13
2026-09-04,09:16,76606.09,76691.86,76604.07,76669.12
2026-09-04,09:17,76673.14,76678.92,76635.71,76646.28
2026-09-04,09:18,76651.55,76660.43,76636.87,76660.43
2026-09-04,09:19,76662.49,76681.16,76651.39,76660.97
2026-09-04,09:20,76657.11,76672.73,76653.85,76664.98
2026-09-04,15:29,76515.43,76515.43,76515.43,76515.43
2026-09-07,09:15,76446.05,76477.19,76281.9,76283.3
2026-09-07,09:16,76288.51,76348.78,76251.46,76348.78
2026-09-07,09:17,76343.7,76375.83,76326.53,76353.52
2026-09-07,09:18,76353.36,76403.78,76345.95,76403.78
2026-09-07,09:19,76397.3,76422.49,76392.66,76416.1
2026-09-07,09:20,76409.44,76415.73,76378.11,76378.11
2026-09-07,15:28,76132.81,76132.81,76132.81,76132.81
2026-09-08,09:15,75970.28,76012.11,75801.71,75805.9
2026-09-08,09:16,75809.1,75829.79,75770.5,75810.4
2026-09-08,09:17,75806.61,75827.88,75796.0,75798.27
2026-09-08,09:18,75807.92,75824.48,75791.23,75806.5
2026-09-08,09:19,75810.51,75816.18,75793.13,75806.03
2026-09-08,09:20,75806.56,75808.43,75784.03,75793.93
2026-09-08,15:28,75577.58,75577.58,75577.58,75577.58
2026-09-09,09:15,75216.22,75220.88,75012.5,75024.13
2026-09-09,09:16,75022.39,75029.1,74968.99,74987.54
2026-09-09,09:17,74978.7,75011.85,74978.7,75005.85
2026-09-09,09:18,75011.36,75070.41,74992.68,75052.97
2026-09-09,09:19,75061.95,75066.45,75040.39,75043.32
2026-09-09,09:20,75038.25,75065.37,75030.12,75065.37
2026-09-09,15:28,74764.23,74764.23,74764.23,74764.23
2026-09-10,09:15,74742.54,74910.96,74742.54,74869.16
2026-09-10,09:16,74846.11,74853.46,74769.85,74781.55
2026-09-10,09:17,74777.91,74855.84,74764.68,74854.9
2026-09-10,09:18,74849.88,74896.95,74849.88,74888.44
2026-09-10,09:19,74885.58,74895.94,74841.05,74864.77
2026-09-10,09:20,74858.18,74858.18,74799.66,74810.56
2026-09-10,15:29,74741.07,74902.59,74741.07,74902.59
2026-09-11,09:15,74309.16,74354.97,74160.16,74207.53
2026-09-11,09:16,74201.72,74223.29,74186.79,74193.43
2026-09-11,09:17,74194.62,74204.38,74165.35,74199.38
2026-09-11,09:18,74193.52,74226.12,74187.55,74217.54
2026-09-11,09:19,74226.99,74258.6,74214.98,74255.28
2026-09-11,09:20,74247.03,74252.05,74228.26,74252.05
2026-09-11,15:28,74781.76,74917.15,74781.76,74781.76
2026-09-15,09:15,75369.63,75436.44,75126.59,75144.24
2026-09-15,09:16,75146.29,75213.6,75146.29,75203.87
2026-09-15,09:17,75195.32,75241.26,75173.62,75173.62
2026-09-15,09:18,75167.42,75185.39,75120.68,75151.16
2026-09-15,09:19,75148.89,75188.68,75144.82,75176.71
2026-09-15,09:20,75155.97,75176.22,75136.68,75166.92
2026-09-15,15:29,74134.32,74134.32,73994.03,74003.82
2026-09-16,09:15,74249.31,74349.34,74187.86,74309.44
2026-09-16,09:16,74323.33,74449.83,74279.09,74447.56
2026-09-16,09:17,74452.03,74505.86,74452.03,74484.39
2026-09-16,09:18,74488.06,74488.06,74381.61,74383.12
2026-09-16,09:19,74381.8,74390.44,74361.07,74383.84
2026-09-16,09:20,74383.87,74391.53,74348.44,74387.27
2026-09-16,15:29,74336.45,74336.45,74336.45,74336.45
2026-09-17,09:15,74182.62,74376.22,74163.95,74264.3
2026-09-17,09:16,74261.09,74302.17,74197.46,74278.57
2026-09-17,09:17,74275.72,74376.25,74275.72,74376.25
2026-09-17,09:18,74377.74,74417.08,74370.8,74402.53
2026-09-17,09:19,74401.3,74406.27,74384.32,74398.61
2026-09-17,09:20,74395.96,74422.94,74372.94,74396.16
2026-09-17,15:28,74314.59,74314.59,74314.59,74314.59
2026-09-18,09:15,74575.24,74593.82,74457.24,74552.72
2026-09-18,09:16,74550.97,74573.12,74505.41,74567.77
2026-09-18,09:17,74569.36,74573.16,74545.31,74551.34
2026-09-18,09:18,74560.77,74563.98,74474.95,74474.95
2026-09-18,09:19,74473.97,74499.64,74472.45,74499.64
2026-09-18,09:20,74501.78,74501.78,74440.75,74446.36
2026-09-18,15:29,74294.96,74294.96,74294.96,74294.96
2026-09-21,09:15,74535.18,74673.73,74454.18,74620.25
2026-09-21,09:16,74617.69,74634.91,74553.17,74634.91
2026-09-21,09:17,74638.54,74710.31,74622.64,74697.46
2026-09-21,09:18,74700.14,74743.28,74675.77,74719.57
2026-09-21,09:19,74711.3,74724.6,74704.11,74722.76
2026-09-21,09:20,74721.54,74735.18,74690.96,74694.33
2026-09-21,15:29,74857.53,74858.99,74857.53,74858.99
2026-09-22,09:15,74901.5,75038.93,74895.6,74957.84
2026-09-22,09:16,74953.88,74971.89,74899.02,74907.33
2026-09-22,09:17,74905.59,74916.06,74880.61,74908.26
2026-09-22,09:18,74915.36,74952.52,74911.77,74942.12
2026-09-22,09:19,74943.32,74947.66,74915.51,74923.91
2026-09-22,09:20,74918.81,74938.52,74895.05,74899.89
2026-09-22,15:28,74529.08,74529.08,74529.08,74529.08
2026-09-23,09:15,74648.32,74770.06,74617.09,74649.29
2026-09-23,09:16,74649.73,74682.7,74641.14,74660.48
2026-09-23,09:17,74667.73,74713.77,74667.73,74708.09
2026-09-23,09:18,74707.96,74778.76,74706.79,74723.8
2026-09-23,09:19,74723.62,74781.52,74722.45,74771.09
2026-09-23,09:20,74770.96,74799.35,74767.71,74786.6
2026-09-23,15:29,74826.76,74826.76,74826.76,74826.76
2026-09-24,09:15,74272.4,74362.29,74120.62,74329.73
2026-09-24,09:16,74317.65,74317.65,74210.93,74215.05
2026-09-24,09:17,74216.93,74245.78,74208.49,74212.12
2026-09-24,09:18,74200.87,74236.43,74191.09,74230.15
2026-09-24,09:19,74226.22,74245.13,74188.47,74195.12
2026-09-24,09:20,74189.55,74205.0,74179.92,74198.11
2026-09-24,15:29,73681.33,73681.33,73580.54,73580.54
2026-09-25,09:15,73525.92,73719.36,73477.77,73698.32
2026-09-25,09:16,73705.49,73738.53,73682.86,73698.33
2026-09-25,09:17,73700.02,73718.29,73687.5,73712.49
2026-09-25,09:18,73708.79,73731.76,73689.86,73700.41
2026-09-25,09:19,73696.65,73702.9,73651.54,73651.54
2026-09-25,09:20,73659.59,73659.59,73621.17,73648.28
2026-09-25,15:29,73895.74,73895.74,73895.74,73895.74
2026-09-28,09:15,73734.83,73740.85,73368.38,73374.54
2026-09-28,09:16,73369.19,73373.03,73291.64,73356.07
2026-09-28,09:17,73353.29,73373.53,73342.72,73363.46
2026-09-28,09:18,73371.68,73389.03,73342.85,73358.67
2026-09-28,09:19,73357.78,73359.06,73299.85,73311.26
2026-09-28,09:20,73319.27,73319.27,73220.04,73235.71
2026-09-28,15:29,72771.72,72771.72,72771.72,72771.72
2026-09-29,09:15,72633.68,72684.9,72512.54,72579.08
2026-09-29,09:16,72569.75,72570.35,72526.6,72539.0
2026-09-29,09:17,72542.65,72564.51,72527.3,72536.74
2026-09-29,09:18,72537.62,72537.62,72432.45,72434.02
2026-09-29,09:19,72432.49,72443.02,72419.49,72431.81
2026-09-29,09:20,72428.74,72430.62,72382.58,72392.47
2026-09-29,15:29,72529.07,72529.07,72529.07,72529.07
2026-09-30,09:15,72441.15,72635.41,72440.05,72483.78
2026-09-30,09:16,72484.34,72538.8,72456.08,72525.2
2026-09-30,09:17,72528.83,72542.55,72511.13,72536.54
2026-09-30,09:18,72532.87,72577.89,72520.61,72566.72
2026-09-30,09:19,72555.91,72616.65,72548.4,72612.36
2026-09-30,09:20,72614.72,72665.08,72600.93,72652.89
2026-09-30,15:28,72480.29,72480.29,72480.29,72480.29
2026-10-01,09:15,72192.89,72342.07,72187.62,72338.22
2026-10-01,09:16,72320.84,72450.34,72320.84,72410.49
2026-10-01,09:17,72415.84,72439.34,72327.12,72395.54
2026-10-01,09:18,72393.42,72433.56,72390.84,72398.46
2026-10-01,09:19,72400.3,72404.37,72339.08,72349.74
2026-10-01,09:20,72342.87,72374.04,72324.12,72342.81
2026-10-01,15:28,71909.7,71909.7,71909.7,71909.7
2026-10-05,09:15,72340.95,72383.79,72171.93,72328.8
2026-10-05,09:16,72329.38,72358.79,72266.86,72323.56
2026-10-05,09:17,72332.08,72402.27,72328.86,72390.3
2026-10-05,09:18,72390.23,72393.44,72327.61,72379.29
2026-10-05,09:19,72379.68,72379.68,72309.01,72359.79
2026-10-05,09:20,72358.38,72371.23,72319.09,72332.36
2026-10-05,15:29,72382.39,72382.39,72382.39,72382.39
2026-10-06,09:15,72508.05,72594.21,72436.01,72440.76
2026-10-06,09:16,72441.82,72449.76,72384.83,72445.69
2026-10-06,09:17,72450.98,72481.21,72435.2,72479.77
2026-10-06,09:18,72479.57,72508.0,72479.57,72489.45
2026-10-06,09:19,72491.79,72491.79,72446.75,72474.23
2026-10-06,09:20,72471.92,72478.34,72420.86,72425.14
2026-10-06,15:28,73067.81,73067.81,73067.81,73067.81
